,algorithm,server,client,cardinality,success,bytes transmitted,bytes received,communication time(s),idle time(s),computation time(s)
0,CPI,0,0,10000,True,13.0,62.0,0.479615,0.0,0.000119
1,CPI,0,0,10000,True,62.0,13.0,0.360313,0.26831,2.5e-05
2,CPI,0,0,10000,True,13.0,62.0,0.480084,0.0,6.8e-05
3,CPI,0,0,10000,True,62.0,13.0,0.360025,0.282039,2.7e-05
4,CPI,0,0,10000,True,13.0,62.0,0.480063,0.0,6.6e-05
5,CPI,0,0,10000,True,62.0,13.0,0.360027,0.282188,3.7e-05
6,CPI,0,0,10000,True,13.0,62.0,0.47985,0.0,7.8e-05
7,CPI,0,0,10000,True,62.0,13.0,0.360113,0.290333,3.5e-05
8,CPI,0,0,10000,True,13.0,62.0,0.480028,0.0,0.00012
9,CPI,0,0,10000,True,62.0,13.0,0.360901,0.288416,2.5e-05
10,CPI,0,0,10000,True,13.0,62.0,0.480284,0.0,7.4e-05
11,CPI,0,0,10000,True,62.0,13.0,0.360873,0.268266,2.8e-05
12,CPI,0,0,10000,True,13.0,62.0,0.480088,0.0,6.6e-05
13,CPI,0,0,10000,True,62.0,13.0,0.359886,0.266349,2.6e-05
14,CPI,0,0,10000,True,13.0,62.0,0.479833,0.0,7.5e-05
15,CPI,0,0,10000,True,62.0,13.0,0.361882,0.270139,2.6e-05
16,CPI,0,0,10000,True,13.0,62.0,0.479772,0.0,7.5e-05
17,CPI,0,0,10000,True,62.0,13.0,0.360013,0.271698,2.8e-05
18,CPI,0,0,10000,True,13.0,62.0,0.479871,0.0,7.6e-05
19,CPI,0,0,10000,True,62.0,13.0,0.361047,0.296977,2.9e-05
20,IBLT,60,60,10000,True,917.0,5025.0,0.251539,0.0,0.003863
21,IBLT,60,60,10000,True,5025.0,917.0,0.40925,0.091862,1.4e-05
22,IBLT,60,60,10000,True,917.0,5025.0,0.251744,0.0,0.003857
23,IBLT,60,60,10000,True,5025.0,917.0,0.338176,0.070046,1.6e-05
24,IBLT,60,60,10000,True,917.0,5025.0,0.251553,0.0,0.003837
25,IBLT,60,60,10000,True,5025.0,917.0,0.339248,0.069867,1.3e-05
26,IBLT,60,60,10000,True,917.0,5025.0,0.251729,0.0,0.003853
27,IBLT,60,60,10000,True,5025.0,917.0,0.338151,0.071196,1.5e-05
28,IBLT,60,60,10000,True,917.0,5025.0,0.251686,0.0,0.003853
29,IBLT,60,60,10000,True,5025.0,917.0,0.339413,0.092856,1.3e-05
30,IBLT,60,60,10000,True,917.0,5025.0,0.252786,0.0,0.003857
31,IBLT,60,60,10000,True,5025.0,917.0,0.339163,0.061778,1.3e-05
32,IBLT,60,60,10000,True,917.0,5025.0,0.251771,0.0,0.003854
33,IBLT,60,60,10000,True,5025.0,917.0,0.339332,0.080686,1.4e-05
34,IBLT,60,60,10000,True,917.0,5025.0,0.251452,0.0,0.003848
35,IBLT,60,60,10000,True,5025.0,917.0,0.339142,0.083296,1.4e-05
36,IBLT,60,60,10000,True,917.0,5025.0,0.251709,0.0,0.004086
37,IBLT,60,60,10000,True,5025.0,917.0,0.338399,0.069407,1.6e-05
38,IBLT,60,60,10000,True,917.0,5025.0,0.251644,0.0,0.004087
39,IBLT,60,60,10000,True,5025.0,917.0,0.338441,0.078528,1.5e-05
40,CPI,1000,1000,10000,True,8009.0,8062.0,0.464906,0.0,17.3373
41,CPI,1000,1000,10000,True,8062.0,8009.0,0.402996,17.5957,0.003374
42,CPI,1000,1000,10000,True,8009.0,8062.0,0.464728,0.0,17.8462
43,CPI,1000,1000,10000,True,8062.0,8009.0,0.402589,18.0923,0.003411
44,CPI,1000,1000,10000,True,8009.0,8062.0,0.464819,0.0,17.6523
45,CPI,1000,1000,10000,True,8062.0,8009.0,0.397858,17.917,0.003561
46,CPI,1000,1000,10000,True,8009.0,8062.0,0.464672,0.0,17.5987
47,CPI,1000,1000,10000,True,8062.0,8009.0,0.402371,17.8399,0.003405
48,CPI,1000,1000,10000,True,8008.0,8062.0,0.464775,0.0,17.9485
49,CPI,1000,1000,10000,True,8062.0,8008.0,0.397485,18.2004,0.003406
50,CPI,1000,1000,10000,True,8009.0,8062.0,0.464414,0.0,17.696
51,CPI,1000,1000,10000,True,8062.0,8009.0,0.397307,17.938,0.003405
52,CPI,1000,1000,10000,True,8009.0,8062.0,0.464683,0.0,17.2564
53,CPI,1000,1000,10000,True,8062.0,8009.0,0.403942,17.4931,0.003401
54,CPI,1000,1000,10000,True,8009.0,8062.0,0.464783,0.0,17.4814
55,CPI,1000,1000,10000,True,8062.0,8009.0,0.402377,17.7234,0.00339
56,CPI,1000,1000,10000,True,8009.0,8062.0,0.464568,0.0,17.6576
57,CPI,1000,1000,10000,True,8062.0,8009.0,0.39815,17.8987,0.003401
58,CPI,1000,1000,10000,True,8008.0,8062.0,0.464545,0.0,17.2581
59,CPI,1000,1000,10000,True,8062.0,8008.0,0.397755,17.5276,0.003398
60,CPI,100,100,10000,True,809.0,862.0,0.490706,0.0,0.083007
61,CPI,100,100,10000,True,862.0,809.0,0.379572,0.337273,0.000381
62,CPI,100,100,10000,True,809.0,862.0,0.489716,0.0,0.085128
63,CPI,100,100,10000,True,862.0,809.0,0.3785,0.375775,0.000374
64,CPI,100,100,10000,True,809.0,862.0,0.490671,0.0,0.083927
65,CPI,100,100,10000,True,862.0,809.0,0.378449,0.364793,0.00037
66,CPI,100,100,10000,True,809.0,862.0,0.490661,0.0,0.079654
67,CPI,100,100,10000,True,862.0,809.0,0.379752,0.374857,0.000376
68,CPI,100,100,10000,True,809.0,862.0,0.490641,0.0,0.079468
69,CPI,100,100,10000,True,862.0,809.0,0.378504,0.3503,0.000372
70,CPI,100,100,10000,True,809.0,862.0,0.490379,0.0,0.08238
71,CPI,100,100,10000,True,862.0,809.0,0.378348,0.376272,0.000377
72,CPI,100,100,10000,True,809.0,862.0,0.490602,0.0,0.081049
73,CPI,100,100,10000,True,862.0,809.0,0.378368,0.342021,0.000375
74,CPI,100,100,10000,True,809.0,862.0,0.490585,0.0,0.080916
75,CPI,100,100,10000,True,862.0,809.0,0.37935,0.360773,0.000376
76,CPI,100,100,10000,True,809.0,862.0,0.490636,0.0,0.079804
77,CPI,100,100,10000,True,862.0,809.0,0.37931,0.340383,0.000377
78,CPI,100,100,10000,True,809.0,862.0,0.490524,0.0,0.081331
79,CPI,100,100,10000,True,862.0,809.0,0.378609,0.340583,0.000378
80,IBLT,200,200,10000,True,3016.0,16541.0,0.257219,0.0,0.011822
81,IBLT,200,200,10000,True,16541.0,3016.0,0.399988,0.095684,3.6e-05
82,IBLT,200,200,10000,True,3016.0,16541.0,0.259233,0.0,0.011818
83,IBLT,200,200,10000,True,16541.0,3016.0,0.357512,0.059808,3.7e-05
84,IBLT,200,200,10000,True,3016.0,16541.0,0.257052,0.0,0.011783
85,IBLT,200,200,10000,True,16541.0,3016.0,0.342731,0.078904,3.3e-05
86,IBLT,200,200,10000,True,3016.0,16541.0,0.255862,0.0,0.011785
87,IBLT,200,200,10000,True,16541.0,3016.0,0.342013,0.067821,5.6e-05
88,IBLT,200,200,10000,True,3016.0,16541.0,0.257198,0.0,0.011767
89,IBLT,200,200,10000,True,16541.0,3016.0,0.354817,0.094984,5.1e-05
90,IBLT,200,200,10000,True,3016.0,16541.0,0.257136,0.0,0.011834
91,IBLT,200,200,10000,True,16541.0,3016.0,0.342638,0.065331,4.1e-05
92,IBLT,200,200,10000,True,3016.0,16541.0,0.257097,0.0,0.011866
93,IBLT,200,200,10000,True,16541.0,3016.0,0.341805,0.092172,3.1e-05
94,IBLT,200,200,10000,True,3016.0,16541.0,0.256062,0.0,0.011844
95,IBLT,200,200,10000,True,16541.0,3016.0,0.341608,0.080468,3.2e-05
96,IBLT,200,200,10000,True,3016.0,16541.0,0.257127,0.0,0.011944
97,IBLT,200,200,10000,True,16541.0,3016.0,0.341964,0.070028,3.1e-05
98,IBLT,200,200,10000,True,3016.0,16541.0,0.257254,0.0,0.011812
99,IBLT,200,200,10000,True,16541.0,3016.0,0.34278,0.058691,3e-05
100,IBLT,80,80,10000,True,1217.0,6754.0,0.250947,0.0,0.00478
101,IBLT,80,80,10000,True,6754.0,1217.0,0.453327,0.082715,1.6e-05
102,IBLT,80,80,10000,True,1217.0,6754.0,0.250447,0.0,0.004793
103,IBLT,80,80,10000,True,6754.0,1217.0,0.338036,0.083981,1.4e-05
104,IBLT,80,80,10000,True,1217.0,6754.0,0.250566,0.0,0.004788
105,IBLT,80,80,10000,True,6754.0,1217.0,0.340246,0.06425,1.6e-05
106,IBLT,80,80,10000,True,1217.0,6754.0,0.250691,0.0,0.005109
107,IBLT,80,80,10000,True,6754.0,1217.0,0.338461,0.068194,1.5e-05
108,IBLT,80,80,10000,True,1217.0,6754.0,0.250475,0.0,0.004782
109,IBLT,80,80,10000,True,6754.0,1217.0,0.340714,0.082332,1.5e-05
110,IBLT,80,80,10000,True,1217.0,6754.0,0.25076,0.0,0.004805
111,IBLT,80,80,10000,True,6754.0,1217.0,0.340553,0.093321,1.5e-05
112,IBLT,80,80,10000,True,1217.0,6754.0,0.250651,0.0,0.00478
113,IBLT,80,80,10000,True,6754.0,1217.0,0.33837,0.084942,1.7e-05
114,IBLT,80,80,10000,True,1217.0,6754.0,0.25045,0.0,0.004786
115,IBLT,80,80,10000,True,6754.0,1217.0,0.3382,0.064502,1.9e-05
116,IBLT,80,80,10000,True,1217.0,6754.0,0.250637,0.0,0.004807
117,IBLT,80,80,10000,True,6754.0,1217.0,0.340493,0.072903,1.9e-05
118,IBLT,80,80,10000,True,1217.0,6754.0,0.250665,0.0,0.004824
119,IBLT,80,80,10000,True,6754.0,1217.0,0.338093,0.097062,1.6e-05
120,IBLT,900,900,10000,True,13480.0,73473.0,0.663825,0.0,0.054194
121,IBLT,900,900,10000,True,73473.0,13480.0,0.880874,0.088027,0.000131
122,IBLT,900,900,10000,True,13480.0,73473.0,0.664231,0.0,0.054448
123,IBLT,900,900,10000,True,73473.0,13480.0,0.839853,0.073541,0.000128
124,IBLT,900,900,10000,True,13480.0,73473.0,0.668798,0.0,0.053981
125,IBLT,900,900,10000,True,73473.0,13480.0,0.841908,0.059357,0.000131
126,IBLT,900,900,10000,True,13480.0,73473.0,0.668133,0.0,0.054135
127,IBLT,900,900,10000,True,73473.0,13480.0,0.842899,0.061321,0.000135
128,IBLT,900,900,10000,True,13480.0,73473.0,0.663504,0.0,0.054114
129,IBLT,900,900,10000,True,73473.0,13480.0,0.839513,0.097507,0.000131
130,IBLT,900,900,10000,True,13480.0,73473.0,0.66377,0.0,0.055019
131,IBLT,900,900,10000,True,73473.0,13480.0,0.839764,0.071475,0.000133
132,IBLT,900,900,10000,True,13480.0,73473.0,0.664034,0.0,0.054225
133,IBLT,900,900,10000,True,73473.0,13480.0,0.840936,0.069918,0.000128
134,IBLT,900,900,10000,True,13480.0,73473.0,0.663958,0.0,0.057894
135,IBLT,900,900,10000,True,73473.0,13480.0,0.836278,0.096102,0.000134
136,IBLT,900,900,10000,True,13480.0,73473.0,0.664147,0.0,0.054623
137,IBLT,900,900,10000,True,73473.0,13480.0,0.835772,0.080708,0.00013
138,IBLT,900,900,10000,True,13480.0,73473.0,0.664234,0.0,0.054217
139,IBLT,900,900,10000,True,73473.0,13480.0,0.837893,0.071236,0.000136
140,CPI,400,400,10000,True,3209.0,3262.0,0.443645,0.0,1.50932
141,CPI,400,400,10000,True,3262.0,3209.0,0.385423,1.76073,0.001378
142,CPI,400,400,10000,True,3209.0,3262.0,0.443609,0.0,1.48489
143,CPI,400,400,10000,True,3262.0,3209.0,0.385416,1.69942,0.001381
144,CPI,400,400,10000,True,3209.0,3262.0,0.44366,0.0,1.47844
145,CPI,400,400,10000,True,3262.0,3209.0,0.385082,1.73385,0.001404
146,CPI,400,400,10000,True,3208.0,3262.0,0.443544,0.0,1.548
147,CPI,400,400,10000,True,3262.0,3208.0,0.385128,1.77589,0.001389
148,CPI,400,400,10000,True,3208.0,3262.0,0.443437,0.0,1.5303
149,CPI,400,400,10000,True,3262.0,3208.0,0.384154,1.74768,0.001407
150,CPI,400,400,10000,True,3209.0,3262.0,0.443779,0.0,1.47829
151,CPI,400,400,10000,True,3262.0,3209.0,0.384971,1.72987,0.001387
152,CPI,400,400,10000,True,3209.0,3262.0,0.443763,0.0,1.49216
153,CPI,400,400,10000,True,3262.0,3209.0,0.386474,1.72283,0.001459
154,CPI,400,400,10000,True,3209.0,3262.0,0.443629,0.0,1.48061
155,CPI,400,400,10000,True,3262.0,3209.0,0.385043,1.72367,0.001387
156,CPI,400,400,10000,True,3209.0,3262.0,0.443651,0.0,1.49162
157,CPI,400,400,10000,True,3262.0,3209.0,0.386561,1.71758,0.001392
158,CPI,400,400,10000,True,3209.0,3262.0,0.443597,0.0,1.53382
159,CPI,400,400,10000,True,3262.0,3209.0,0.384202,1.76226,0.001399
160,IBLT,70,70,10000,True,1065.0,5900.0,0.241267,0.0,0.004504
161,IBLT,70,70,10000,True,5900.0,1065.0,0.452326,0.08777,1.5e-05
162,IBLT,70,70,10000,True,1065.0,5900.0,0.241291,0.0,0.004102
163,IBLT,70,70,10000,True,5900.0,1065.0,0.33863,0.068027,1.3e-05
164,IBLT,70,70,10000,True,1065.0,5900.0,0.241018,0.0,0.004093
165,IBLT,70,70,10000,True,5900.0,1065.0,0.338367,0.088954,1.4e-05
166,IBLT,70,70,10000,True,1065.0,5900.0,0.24126,0.0,0.004077
167,IBLT,70,70,10000,True,5900.0,1065.0,0.33837,0.07484,1.3e-05
168,IBLT,70,70,10000,True,1065.0,5900.0,0.241317,0.0,0.004093
169,IBLT,70,70,10000,True,5900.0,1065.0,0.339491,0.074347,1.3e-05
170,IBLT,70,70,10000,True,1065.0,5900.0,0.241151,0.0,0.004111
171,IBLT,70,70,10000,True,5900.0,1065.0,0.339587,0.072015,1.4e-05
172,IBLT,70,70,10000,True,1065.0,5900.0,0.24118,0.0,0.00463
173,IBLT,70,70,10000,True,5900.0,1065.0,0.339489,0.0973,1.4e-05
174,IBLT,70,70,10000,True,1065.0,5900.0,0.241216,0.0,0.004325
175,IBLT,70,70,10000,True,5900.0,1065.0,0.338018,0.069102,1.4e-05
176,IBLT,70,70,10000,True,1065.0,5900.0,0.241525,0.0,0.004092
177,IBLT,70,70,10000,True,5900.0,1065.0,0.338427,0.077702,1.3e-05
178,IBLT,70,70,10000,True,1065.0,5900.0,0.24122,0.0,0.004085
179,IBLT,70,70,10000,True,5900.0,1065.0,0.338226,0.065862,1.5e-05
180,IBLT,400,400,10000,True,6002.0,32824.0,0.419644,0.0,0.02446
181,IBLT,400,400,10000,True,32824.0,6002.0,0.602026,0.096257,5.9e-05
182,IBLT,400,400,10000,True,6002.0,32824.0,0.419344,0.0,0.024568
183,IBLT,400,400,10000,True,32824.0,6002.0,0.547958,0.082705,5.8e-05
184,IBLT,400,400,10000,True,6002.0,32824.0,0.419339,0.0,0.024426
185,IBLT,400,400,10000,True,32824.0,6002.0,0.547987,0.089223,5.8e-05
186,IBLT,400,400,10000,True,6002.0,32824.0,0.419938,0.0,0.024199
187,IBLT,400,400,10000,True,32824.0,6002.0,0.544358,0.059122,5.7e-05
188,IBLT,400,400,10000,True,6002.0,32824.0,0.41966,0.0,0.024279
189,IBLT,400,400,10000,True,32824.0,6002.0,0.547867,0.094638,5.9e-05
190,IBLT,400,400,10000,True,6002.0,32824.0,0.420004,0.0,0.024313
191,IBLT,400,400,10000,True,32824.0,6002.0,0.544575,0.068697,5.6e-05
192,IBLT,400,400,10000,True,6002.0,32824.0,0.419843,0.0,0.024136
193,IBLT,400,400,10000,True,32824.0,6002.0,0.547838,0.07672,5.9e-05
194,IBLT,400,400,10000,True,6002.0,32824.0,0.419628,0.0,0.024352
195,IBLT,400,400,10000,True,32824.0,6002.0,0.548004,0.085392,5.9e-05
196,IBLT,400,400,10000,True,6002.0,32824.0,0.421784,0.0,0.024236
197,IBLT,400,400,10000,True,32824.0,6002.0,0.547967,0.083592,5.7e-05
198,IBLT,400,400,10000,True,6002.0,32824.0,0.464717,0.0,0.024189
199,IBLT,400,400,10000,True,32824.0,6002.0,0.584542,0.07718,5.6e-05
200,Cuckoo,100,100,10000,True,15086.0,29476.0,0.374645,0.0,0.035602
201,Cuckoo,100,100,10000,True,29476.0,29460.0,0.575527,0.076336,0.03464
202,Cuckoo,100,100,10000,True,15086.0,29476.0,0.375741,0.0,0.034695
203,Cuckoo,100,100,10000,True,29476.0,29460.0,0.462216,0.083546,0.035909
204,Cuckoo,100,100,10000,True,15086.0,29476.0,0.375891,0.0,0.034592
205,Cuckoo,100,100,10000,True,29476.0,29460.0,0.463596,0.080676,0.035576
206,Cuckoo,100,100,10000,True,15086.0,29476.0,0.376074,0.0,0.034709
207,Cuckoo,100,100,10000,True,29476.0,29460.0,0.472508,0.093895,0.034591
208,Cuckoo,100,100,10000,True,15086.0,29476.0,0.376043,0.0,0.034717
209,Cuckoo,100,100,10000,True,29476.0,29460.0,0.463528,0.059629,0.034803
210,Cuckoo,100,100,10000,True,15086.0,29476.0,0.378043,0.0,0.034648
211,Cuckoo,100,100,10000,True,29476.0,29460.0,0.46472,0.072381,0.034566
212,Cuckoo,100,100,10000,True,15086.0,29476.0,0.494852,0.0,0.035638
213,Cuckoo,100,100,10000,True,29476.0,29460.0,0.584578,0.097004,0.034585
214,Cuckoo,100,100,10000,True,15086.0,29476.0,0.375423,0.0,0.034935
215,Cuckoo,100,100,10000,True,29476.0,29460.0,0.46048,0.080183,0.037617
216,Cuckoo,100,100,10000,True,15086.0,29476.0,0.376041,0.0,0.034538
217,Cuckoo,100,100,10000,True,29476.0,29460.0,0.464403,0.086523,0.03461
218,Cuckoo,100,100,10000,True,15086.0,29476.0,0.375639,0.0,0.034848
219,Cuckoo,100,100,10000,True,29476.0,29460.0,0.464518,0.093853,0.034984
220,Cuckoo,40,40,10000,True,14712.0,29086.0,0.477529,0.0,0.042421
221,Cuckoo,40,40,10000,True,29086.0,29086.0,0.645003,0.083653,0.035426
222,Cuckoo,40,40,10000,True,14712.0,29086.0,0.365691,0.0,0.034565
223,Cuckoo,40,40,10000,True,29086.0,29086.0,0.471166,0.084524,0.035132
224,Cuckoo,40,40,10000,True,14712.0,29086.0,0.405059,0.0,0.035337
225,Cuckoo,40,40,10000,True,29086.0,29086.0,0.48854,0.093765,0.034476
226,Cuckoo,40,40,10000,True,14712.0,29086.0,0.404405,0.0,0.0357
227,Cuckoo,40,40,10000,True,29086.0,29086.0,0.485209,0.07382,0.035853
228,Cuckoo,40,40,10000,True,14712.0,29086.0,0.405511,0.0,0.03464
229,Cuckoo,40,40,10000,True,29086.0,29086.0,0.486411,0.063736,0.034396
230,Cuckoo,40,40,10000,True,14712.0,29086.0,0.40562,0.0,0.034738
231,Cuckoo,40,40,10000,True,29086.0,29086.0,0.488106,0.07486,0.034705
232,Cuckoo,40,40,10000,True,14712.0,29086.0,0.405872,0.0,0.034512
233,Cuckoo,40,40,10000,True,29086.0,29086.0,0.486404,0.0701,0.034433
234,Cuckoo,40,40,10000,True,14712.0,29086.0,0.405677,0.0,0.034572
235,Cuckoo,40,40,10000,True,29086.0,29086.0,0.485501,0.091944,0.035479
236,Cuckoo,40,40,10000,True,14712.0,29086.0,0.404995,0.0,0.035038
237,Cuckoo,40,40,10000,True,29086.0,29086.0,0.486524,0.08319,0.034552
238,Cuckoo,40,40,10000,True,14712.0,29086.0,0.404427,0.0,0.035843
239,Cuckoo,40,40,10000,True,29086.0,29086.0,0.481452,0.073504,0.039596
240,CPI,700,700,10000,True,5609.0,5662.0,0.464041,0.0,7.13192
241,CPI,700,700,10000,True,5662.0,5609.0,0.390194,7.39269,0.002468
242,CPI,700,700,10000,True,5609.0,5662.0,0.459502,0.0,6.50332
243,CPI,700,700,10000,True,5662.0,5609.0,0.39023,6.75796,0.002418
244,CPI,700,700,10000,True,5609.0,5662.0,0.459402,0.0,6.44159
245,CPI,700,700,10000,True,5662.0,5609.0,0.391122,6.68605,0.002407
246,CPI,700,700,10000,True,5609.0,5662.0,0.459298,0.0,6.44698
247,CPI,700,700,10000,True,5662.0,5609.0,0.393418,6.69146,0.002412
248,CPI,700,700,10000,True,5609.0,5662.0,0.459528,0.0,6.44444
249,CPI,700,700,10000,True,5662.0,5609.0,0.394489,6.68336,0.002409
250,CPI,700,700,10000,True,5609.0,5662.0,0.459395,0.0,6.43129
251,CPI,700,700,10000,True,5662.0,5609.0,0.395105,6.6653,0.002412
252,CPI,700,700,10000,True,5609.0,5662.0,0.459277,0.0,6.63009
253,CPI,700,700,10000,True,5662.0,5609.0,0.393792,6.8558,0.00241
254,CPI,700,700,10000,True,5609.0,5662.0,0.459445,0.0,6.55312
255,CPI,700,700,10000,True,5662.0,5609.0,0.393702,6.80217,0.00244
256,CPI,700,700,10000,True,5609.0,5662.0,0.459622,0.0,6.5744
257,CPI,700,700,10000,True,5662.0,5609.0,0.394387,6.82021,0.002424
258,CPI,700,700,10000,True,5609.0,5662.0,0.459289,0.0,6.46317
259,CPI,700,700,10000,True,5662.0,5609.0,0.391722,6.70823,0.002427
260,CPI,600,600,10000,True,4809.0,4862.0,0.456396,0.0,4.28579
261,CPI,600,600,10000,True,4862.0,4809.0,0.391302,4.53003,0.002081
262,CPI,600,600,10000,True,4809.0,4862.0,0.456597,0.0,4.27725
263,CPI,600,600,10000,True,4862.0,4809.0,0.389153,4.50055,0.002076
264,CPI,600,600,10000,True,4809.0,4862.0,0.456324,0.0,4.39175
265,CPI,600,600,10000,True,4862.0,4809.0,0.392253,4.6136,0.002092
266,CPI,600,600,10000,True,4809.0,4862.0,0.456356,0.0,4.27388
267,CPI,600,600,10000,True,4862.0,4809.0,0.387958,4.5251,0.002105
268,CPI,600,600,10000,True,4809.0,4862.0,0.456548,0.0,4.29772
269,CPI,600,600,10000,True,4862.0,4809.0,0.388132,4.54642,0.002067
270,CPI,600,600,10000,True,4808.0,4862.0,0.456544,0.0,4.44697
271,CPI,600,600,10000,True,4862.0,4808.0,0.387983,4.69148,0.002083
272,CPI,600,600,10000,True,4809.0,4862.0,0.456738,0.0,4.35389
273,CPI,600,600,10000,True,4862.0,4809.0,0.391311,4.58184,0.002096
274,CPI,600,600,10000,True,4809.0,4862.0,0.456528,0.0,4.41358
275,CPI,600,600,10000,True,4862.0,4809.0,0.392628,4.67901,0.002156
276,CPI,600,600,10000,True,4809.0,4862.0,0.456437,0.0,4.44771
277,CPI,600,600,10000,True,4862.0,4809.0,0.3881,4.69023,0.002092
278,CPI,600,600,10000,True,4809.0,4862.0,0.456284,0.0,4.43683
279,CPI,600,600,10000,True,4862.0,4809.0,0.391299,4.66649,0.002115
280,IBLT,100,100,10000,True,1516.0,8278.0,0.254065,0.0,0.005947
281,IBLT,100,100,10000,True,8278.0,1516.0,0.400951,0.072502,1.8e-05
282,IBLT,100,100,10000,True,1516.0,8278.0,0.251045,0.0,0.005911
283,IBLT,100,100,10000,True,8278.0,1516.0,0.339441,0.062267,1.7e-05
284,IBLT,100,100,10000,True,1516.0,8278.0,0.250801,0.0,0.005907
285,IBLT,100,100,10000,True,8278.0,1516.0,0.339373,0.062477,1.9e-05
286,IBLT,100,100,10000,True,1516.0,8278.0,0.250804,0.0,0.005947
287,IBLT,100,100,10000,True,8278.0,1516.0,0.340992,0.062393,1.9e-05
288,IBLT,100,100,10000,True,1516.0,8278.0,0.250919,0.0,0.005933
289,IBLT,100,100,10000,True,8278.0,1516.0,0.339651,0.078024,1.6e-05
290,IBLT,100,100,10000,True,1516.0,8278.0,0.250836,0.0,0.005933
291,IBLT,100,100,10000,True,8278.0,1516.0,0.339414,0.069757,1.7e-05
292,IBLT,100,100,10000,True,1516.0,8278.0,0.25065,0.0,0.005927
293,IBLT,100,100,10000,True,8278.0,1516.0,0.339551,0.068328,1.8e-05
294,IBLT,100,100,10000,True,1516.0,8278.0,0.251054,0.0,0.005945
295,IBLT,100,100,10000,True,8278.0,1516.0,0.339781,0.07844,1.6e-05
296,IBLT,100,100,10000,True,1516.0,8278.0,0.251142,0.0,0.005976
297,IBLT,100,100,10000,True,8278.0,1516.0,0.339637,0.065849,1.7e-05
298,IBLT,100,100,10000,True,1516.0,8278.0,0.25104,0.0,0.005918
299,IBLT,100,100,10000,True,8278.0,1516.0,0.339915,0.087842,1.8e-05
300,CPI,80,80,10000,True,649.0,702.0,0.491713,0.0,0.057972
301,CPI,80,80,10000,True,702.0,649.0,0.379796,0.337886,0.000308
302,CPI,80,80,10000,True,649.0,702.0,0.491296,0.0,0.058441
303,CPI,80,80,10000,True,702.0,649.0,0.378892,0.364165,0.000319
304,CPI,80,80,10000,True,649.0,702.0,0.491506,0.0,0.059053
305,CPI,80,80,10000,True,702.0,649.0,0.378686,0.358488,0.000309
306,CPI,80,80,10000,True,649.0,702.0,0.491632,0.0,0.059477
307,CPI,80,80,10000,True,702.0,649.0,0.378857,0.350215,0.000329
308,CPI,80,80,10000,True,649.0,702.0,0.491575,0.0,0.064824
309,CPI,80,80,10000,True,702.0,649.0,0.379498,0.358735,0.000317
310,CPI,80,80,10000,True,649.0,702.0,0.491918,0.0,0.058146
311,CPI,80,80,10000,True,702.0,649.0,0.377616,0.346628,0.000324
312,CPI,80,80,10000,True,649.0,702.0,0.491458,0.0,0.056804
313,CPI,80,80,10000,True,702.0,649.0,0.379388,0.376572,0.000324
314,CPI,80,80,10000,True,649.0,702.0,0.491562,0.0,0.058661
315,CPI,80,80,10000,True,702.0,649.0,0.377519,0.357566,0.000315
316,CPI,80,80,10000,True,649.0,702.0,0.491824,0.0,0.056673
317,CPI,80,80,10000,True,702.0,649.0,0.377434,0.353686,0.000309
318,CPI,80,80,10000,True,649.0,702.0,0.491828,0.0,0.059182
319,CPI,80,80,10000,True,702.0,649.0,0.378633,0.375505,0.000322
320,IBLT,20,20,10000,True,317.0,1763.0,0.240369,0.0,0.001171
321,IBLT,20,20,10000,True,1763.0,317.0,0.360162,0.066614,6e-06
322,IBLT,20,20,10000,True,317.0,1763.0,0.240162,0.0,0.001184
323,IBLT,20,20,10000,True,1763.0,317.0,0.319976,0.078593,7e-06
324,IBLT,20,20,10000,True,317.0,1763.0,0.240099,0.0,0.001177
325,IBLT,20,20,10000,True,1763.0,317.0,0.32001,0.089547,6e-06
326,IBLT,20,20,10000,True,317.0,1763.0,0.240271,0.0,0.001188
327,IBLT,20,20,10000,True,1763.0,317.0,0.319942,0.072631,5e-06
328,IBLT,20,20,10000,True,317.0,1763.0,0.240266,0.0,0.001188
329,IBLT,20,20,10000,True,1763.0,317.0,0.32023,0.078685,7e-06
330,IBLT,20,20,10000,True,317.0,1763.0,0.240103,0.0,0.001182
331,IBLT,20,20,10000,True,1763.0,317.0,0.320041,0.067327,7e-06
332,IBLT,20,20,10000,True,317.0,1763.0,0.240184,0.0,0.001171
333,IBLT,20,20,10000,True,1763.0,317.0,0.3201,0.093732,5e-06
334,IBLT,20,20,10000,True,317.0,1763.0,0.240039,0.0,0.001168
335,IBLT,20,20,10000,True,1763.0,317.0,0.319993,0.090403,6e-06
336,IBLT,20,20,10000,True,317.0,1763.0,0.239964,0.0,0.001177
337,IBLT,20,20,10000,True,1763.0,317.0,0.319951,0.065713,6e-06
338,IBLT,20,20,10000,True,317.0,1763.0,0.240265,0.0,0.001168
339,IBLT,20,20,10000,True,1763.0,317.0,0.320238,0.061817,8e-06
340,CPI,90,90,10000,True,729.0,782.0,0.490821,0.0,0.068403
341,CPI,90,90,10000,True,782.0,729.0,0.379342,0.348766,0.000345
342,CPI,90,90,10000,True,729.0,782.0,0.490575,0.0,0.069717
343,CPI,90,90,10000,True,782.0,729.0,0.379448,0.345859,0.000342
344,CPI,90,90,10000,True,729.0,782.0,0.490421,0.0,0.066397
345,CPI,90,90,10000,True,782.0,729.0,0.37831,0.364004,0.000347
346,CPI,90,90,10000,True,729.0,782.0,0.490587,0.0,0.068755
347,CPI,90,90,10000,True,782.0,729.0,0.379368,0.360455,0.000342
348,CPI,90,90,10000,True,729.0,782.0,0.490706,0.0,0.066927
349,CPI,90,90,10000,True,782.0,729.0,0.378345,0.344661,0.000362
350,CPI,90,90,10000,True,729.0,782.0,0.490632,0.0,0.069052
351,CPI,90,90,10000,True,782.0,729.0,0.379904,0.374856,0.000345
352,CPI,90,90,10000,True,729.0,782.0,0.490611,0.0,0.067745
353,CPI,90,90,10000,True,782.0,729.0,0.381051,0.375746,0.000342
354,CPI,90,90,10000,True,729.0,782.0,0.490544,0.0,0.066925
355,CPI,90,90,10000,True,782.0,729.0,0.379247,0.366409,0.00035
356,CPI,90,90,10000,True,729.0,782.0,0.49051,0.0,0.069263
357,CPI,90,90,10000,True,782.0,729.0,0.379532,0.362512,0.000343
358,CPI,90,90,10000,True,729.0,782.0,0.490628,0.0,0.071456
359,CPI,90,90,10000,True,782.0,729.0,0.379223,0.362433,0.00035
360,Cuckoo,50,50,10000,True,14785.0,29146.0,0.405343,0.0,0.034656
361,Cuckoo,50,50,10000,True,29146.0,29159.0,0.565804,0.072773,0.034354
362,Cuckoo,50,50,10000,True,14770.0,29161.0,0.404933,0.0,0.035611
363,Cuckoo,50,50,10000,True,29161.0,29144.0,0.499744,0.089525,0.037328
364,Cuckoo,50,50,10000,True,14770.0,29146.0,0.407267,0.0,0.034926
365,Cuckoo,50,50,10000,True,29146.0,29144.0,0.502668,0.088721,0.034356
366,Cuckoo,50,50,10000,True,14785.0,29146.0,0.405094,0.0,0.035273
367,Cuckoo,50,50,10000,True,29146.0,29159.0,0.502668,0.088523,0.034609
368,Cuckoo,50,50,10000,True,14770.0,29146.0,0.405281,0.0,0.035017
369,Cuckoo,50,50,10000,True,29146.0,29144.0,0.502753,0.067651,0.034434
370,Cuckoo,50,50,10000,True,14785.0,29146.0,0.481647,0.0,0.038578
371,Cuckoo,50,50,10000,True,29146.0,29159.0,0.582607,0.076228,0.034511
372,Cuckoo,50,50,10000,True,14785.0,29146.0,0.441758,0.0,0.038518
373,Cuckoo,50,50,10000,True,29146.0,29159.0,0.542311,0.07747,0.034687
374,Cuckoo,50,50,10000,True,14785.0,29146.0,0.404824,0.0,0.035247
375,Cuckoo,50,50,10000,True,29146.0,29159.0,0.502251,0.093554,0.034665
376,Cuckoo,50,50,10000,True,14785.0,29176.0,0.443816,0.0,0.039619
377,Cuckoo,50,50,10000,True,29176.0,29159.0,0.542139,0.092355,0.035771
378,Cuckoo,50,50,10000,True,14785.0,29146.0,0.405359,0.0,0.034801
379,Cuckoo,50,50,10000,True,29146.0,29159.0,0.499616,0.08593,0.037452
380,Cuckoo,100,100,10000,True,15115.0,29518.0,0.375922,0.0,0.034646
381,Cuckoo,100,100,10000,True,29518.0,29489.0,0.536304,0.081535,0.035924
382,Cuckoo,100,100,10000,True,15100.0,29518.0,0.452761,0.0,0.037599
383,Cuckoo,100,100,10000,True,29518.0,29474.0,0.543593,0.060104,0.035804
384,Cuckoo,100,100,10000,True,15115.0,29503.0,0.375927,0.0,0.034539
385,Cuckoo,100,100,10000,True,29503.0,29489.0,0.462944,0.059406,0.035237
386,Cuckoo,100,100,10000,True,15115.0,29518.0,0.375852,0.0,0.03467
387,Cuckoo,100,100,10000,True,29518.0,29489.0,0.463579,0.070566,0.034493
388,Cuckoo,100,100,10000,True,15115.0,29503.0,0.374611,0.0,0.036034
389,Cuckoo,100,100,10000,True,29503.0,29489.0,0.46355,0.05958,0.035915
390,Cuckoo,100,100,10000,True,15100.0,29503.0,0.375488,0.0,0.035103
391,Cuckoo,100,100,10000,True,29503.0,29474.0,0.462268,0.089827,0.03579
392,Cuckoo,100,100,10000,True,15100.0,29503.0,0.37589,0.0,0.034719
393,Cuckoo,100,100,10000,True,29503.0,29474.0,0.462159,0.077014,0.036199
394,Cuckoo,100,100,10000,True,15115.0,29503.0,0.493023,0.0,0.037582
395,Cuckoo,100,100,10000,True,29503.0,29489.0,0.58338,0.06713,0.034914
396,Cuckoo,100,100,10000,True,15100.0,29503.0,0.375793,0.0,0.034733
397,Cuckoo,100,100,10000,True,29503.0,29474.0,0.46433,0.094091,0.034916
398,Cuckoo,100,100,10000,True,15100.0,29518.0,0.374439,0.0,0.036042
399,Cuckoo,100,100,10000,True,29518.0,29474.0,0.463739,0.088244,0.03553
400,IBLT,40,40,10000,True,617.0,3502.0,0.250424,0.0,0.002353
401,IBLT,40,40,10000,True,3502.0,617.0,0.408431,0.070716,1e-05
402,IBLT,40,40,10000,True,617.0,3502.0,0.250389,0.0,0.002359
403,IBLT,40,40,10000,True,3502.0,617.0,0.337135,0.068778,1e-05
404,IBLT,40,40,10000,True,617.0,3502.0,0.250377,0.0,0.002351
405,IBLT,40,40,10000,True,3502.0,617.0,0.339194,0.065719,8e-06
406,IBLT,40,40,10000,True,617.0,3502.0,0.25043,0.0,0.002347
407,IBLT,40,40,10000,True,3502.0,617.0,0.33919,0.075714,8e-06
408,IBLT,40,40,10000,True,617.0,3502.0,0.250267,0.0,0.002345
409,IBLT,40,40,10000,True,3502.0,617.0,0.337156,0.076498,9e-06
410,IBLT,40,40,10000,True,617.0,3502.0,0.250476,0.0,0.002499
411,IBLT,40,40,10000,True,3502.0,617.0,0.339045,0.081508,9e-06
412,IBLT,40,40,10000,True,617.0,3502.0,0.250289,0.0,0.002338
413,IBLT,40,40,10000,True,3502.0,617.0,0.337166,0.082666,9e-06
414,IBLT,40,40,10000,True,617.0,3502.0,0.250052,0.0,0.00236
415,IBLT,40,40,10000,True,3502.0,617.0,0.3393,0.068264,9e-06
416,IBLT,40,40,10000,True,617.0,3502.0,0.250048,0.0,0.002353
417,IBLT,40,40,10000,True,3502.0,617.0,0.33909,0.094913,9e-06
418,IBLT,40,40,10000,True,617.0,3502.0,0.250348,0.0,0.002343
419,IBLT,40,40,10000,True,3502.0,617.0,0.338912,0.078821,9e-06
420,IBLT,0,0,10000,True,17.0,232.0,0.28174,0.0,4e-06
421,IBLT,0,0,10000,True,232.0,17.0,0.361948,0.08704,2e-06
422,IBLT,0,0,10000,True,17.0,232.0,0.281971,0.0,3e-06
423,IBLT,0,0,10000,True,232.0,17.0,0.399922,0.0827,1e-06
424,IBLT,0,0,10000,True,17.0,232.0,0.282147,0.0,3e-06
425,IBLT,0,0,10000,True,232.0,17.0,0.361722,0.058253,1e-06
426,IBLT,0,0,10000,True,17.0,232.0,0.282089,0.0,5e-06
427,IBLT,0,0,10000,True,232.0,17.0,0.361594,0.063501,2e-06
428,IBLT,0,0,10000,True,17.0,232.0,0.281899,0.0,3e-06
429,IBLT,0,0,10000,True,232.0,17.0,0.361696,0.088743,2e-06
430,IBLT,0,0,10000,True,17.0,232.0,0.281586,0.0,5e-06
431,IBLT,0,0,10000,True,232.0,17.0,0.361668,0.086597,2e-06
432,IBLT,0,0,10000,True,17.0,232.0,0.282004,0.0,5e-06
433,IBLT,0,0,10000,True,232.0,17.0,0.361771,0.075411,2e-06
434,IBLT,0,0,10000,True,17.0,232.0,0.281952,0.0,5e-06
435,IBLT,0,0,10000,True,232.0,17.0,0.360867,0.06944,2e-06
436,IBLT,0,0,10000,True,17.0,232.0,0.281801,0.0,3e-06
437,IBLT,0,0,10000,True,232.0,17.0,0.361761,0.092281,1e-06
438,IBLT,0,0,10000,True,17.0,232.0,0.282123,0.0,3e-06
439,IBLT,0,0,10000,True,232.0,17.0,0.361822,0.086365,1e-06
440,IBLT,0,0,10000,True,17.0,236.0,0.28198,0.0,5e-06
441,IBLT,0,0,10000,True,236.0,17.0,0.361909,0.059906,2e-06
442,IBLT,0,0,10000,True,17.0,236.0,0.28162,0.0,4e-06
443,IBLT,0,0,10000,True,236.0,17.0,0.36083,0.072406,2e-06
444,IBLT,0,0,10000,True,17.0,236.0,0.281916,0.0,5e-06
445,IBLT,0,0,10000,True,236.0,17.0,0.361834,0.091177,2e-06
446,IBLT,0,0,10000,True,17.0,236.0,0.281808,0.0,4e-06
447,IBLT,0,0,10000,True,236.0,17.0,0.360568,0.08162,2e-06
448,IBLT,0,0,10000,True,17.0,236.0,0.281873,0.0,3e-06
449,IBLT,0,0,10000,True,236.0,17.0,0.36192,0.091615,1e-06
450,IBLT,0,0,10000,True,17.0,236.0,0.281896,0.0,5e-06
451,IBLT,0,0,10000,True,236.0,17.0,0.361749,0.065936,2e-06
452,IBLT,0,0,10000,True,17.0,236.0,0.281984,0.0,5e-06
453,IBLT,0,0,10000,True,236.0,17.0,0.360843,0.0612,3e-06
454,IBLT,0,0,10000,True,17.0,236.0,0.282109,0.0,5e-06
455,IBLT,0,0,10000,True,236.0,17.0,0.361747,0.086045,1e-06
456,IBLT,0,0,10000,True,17.0,236.0,0.282099,0.0,2e-06
457,IBLT,0,0,10000,True,236.0,17.0,0.360713,0.077646,1e-06
458,IBLT,0,0,10000,True,17.0,236.0,0.28197,0.0,5e-06
459,IBLT,0,0,10000,True,236.0,17.0,0.361772,0.074413,2e-06
460,IBLT,700,700,10000,True,10488.0,57219.0,0.573611,0.0,0.042074
461,IBLT,700,700,10000,True,57219.0,10488.0,0.759973,0.068395,0.000118
462,IBLT,700,700,10000,True,10488.0,57219.0,0.573648,0.0,0.041842
463,IBLT,700,700,10000,True,57219.0,10488.0,0.712192,0.067308,9.7e-05
464,IBLT,700,700,10000,True,10488.0,57219.0,0.573661,0.0,0.041905
465,IBLT,700,700,10000,True,57219.0,10488.0,0.710562,0.063126,9.7e-05
466,IBLT,700,700,10000,True,10488.0,57219.0,0.573712,0.0,0.041797
467,IBLT,700,700,10000,True,57219.0,10488.0,0.717801,0.059951,9.9e-05
468,IBLT,700,700,10000,True,10488.0,57219.0,0.573964,0.0,0.044705
469,IBLT,700,700,10000,True,57219.0,10488.0,0.717799,0.06895,9.9e-05
470,IBLT,700,700,10000,True,10488.0,57219.0,0.574704,0.0,0.042077
471,IBLT,700,700,10000,True,57219.0,10488.0,0.718016,0.063062,0.000102
472,IBLT,700,700,10000,True,10488.0,57219.0,0.61357,0.0,0.041802
473,IBLT,700,700,10000,True,57219.0,10488.0,0.754978,0.070131,0.000105
474,IBLT,700,700,10000,True,10488.0,57219.0,0.573678,0.0,0.041808
475,IBLT,700,700,10000,True,57219.0,10488.0,0.711683,0.087654,0.000107
476,IBLT,700,700,10000,True,10488.0,57219.0,0.583097,0.0,0.041874
477,IBLT,700,700,10000,True,57219.0,10488.0,0.7106,0.076535,0.000175
478,IBLT,700,700,10000,True,10488.0,57219.0,0.573668,0.0,0.041775
479,IBLT,700,700,10000,True,57219.0,10488.0,0.718133,0.065197,9.7e-05
480,CPI,300,300,10000,True,2409.0,2462.0,0.452384,0.0,0.76616
481,CPI,300,300,10000,True,2462.0,2409.0,0.38225,1.01304,0.00106
482,CPI,300,300,10000,True,2409.0,2462.0,0.452481,0.0,0.766718
483,CPI,300,300,10000,True,2462.0,2409.0,0.382548,1.00191,0.001069
484,CPI,300,300,10000,True,2409.0,2462.0,0.452386,0.0,0.759089
485,CPI,300,300,10000,True,2462.0,2409.0,0.383285,1.00177,0.001051
486,CPI,300,300,10000,True,2408.0,2462.0,0.452341,0.0,0.753837
487,CPI,300,300,10000,True,2462.0,2408.0,0.383919,0.976218,0.001086
488,CPI,300,300,10000,True,2408.0,2462.0,0.452438,0.0,0.768044
489,CPI,300,300,10000,True,2462.0,2408.0,0.383511,0.998393,0.001071
490,CPI,300,300,10000,True,2408.0,2462.0,0.452334,0.0,0.779454
491,CPI,300,300,10000,True,2462.0,2408.0,0.38128,1.02061,0.001072
492,CPI,300,300,10000,True,2409.0,2462.0,0.452598,0.0,0.778393
493,CPI,300,300,10000,True,2462.0,2409.0,0.381719,1.03435,0.00108
494,CPI,300,300,10000,True,2409.0,2462.0,0.452416,0.0,0.76514
495,CPI,300,300,10000,True,2462.0,2409.0,0.382573,0.987541,0.001086
496,CPI,300,300,10000,True,2409.0,2462.0,0.452341,0.0,0.75394
497,CPI,300,300,10000,True,2462.0,2409.0,0.381373,1.0115,0.00107
498,CPI,300,300,10000,True,2409.0,2462.0,0.452641,0.0,0.770712
499,CPI,300,300,10000,True,2462.0,2409.0,0.383588,1.00337,0.001071
500,Cuckoo,80,80,10000,True,14922.0,29326.0,0.414994,0.0,0.035324
501,Cuckoo,80,80,10000,True,29326.0,29296.0,0.572563,0.082464,0.036636
502,Cuckoo,80,80,10000,True,14922.0,29326.0,0.488274,0.0,0.041963
503,Cuckoo,80,80,10000,True,29326.0,29296.0,0.582564,0.08623,0.035574
504,Cuckoo,80,80,10000,True,14937.0,29326.0,0.452031,0.0,0.038328
505,Cuckoo,80,80,10000,True,29326.0,29311.0,0.54337,0.077581,0.034837
506,Cuckoo,80,80,10000,True,14922.0,29326.0,0.415355,0.0,0.035065
507,Cuckoo,80,80,10000,True,29326.0,29296.0,0.502395,0.068492,0.034774
508,Cuckoo,80,80,10000,True,14922.0,29326.0,0.451804,0.0,0.038484
509,Cuckoo,80,80,10000,True,29326.0,29296.0,0.543654,0.0889,0.034731
510,Cuckoo,80,80,10000,True,14922.0,29326.0,0.374588,0.0,0.035902
511,Cuckoo,80,80,10000,True,29326.0,29296.0,0.462654,0.089948,0.034653
512,Cuckoo,80,80,10000,True,14922.0,29326.0,0.4519,0.0,0.038608
513,Cuckoo,80,80,10000,True,29326.0,29296.0,0.541106,0.09457,0.035863
514,Cuckoo,80,80,10000,True,14922.0,29326.0,0.375433,0.0,0.034971
515,Cuckoo,80,80,10000,True,29326.0,29296.0,0.462201,0.090013,0.035892
516,Cuckoo,80,80,10000,True,14922.0,29326.0,0.375113,0.0,0.035228
517,Cuckoo,80,80,10000,True,29326.0,29296.0,0.463342,0.076627,0.03495
518,Cuckoo,80,80,10000,True,14922.0,29326.0,0.488504,0.0,0.042165
519,Cuckoo,80,80,10000,True,29326.0,29296.0,0.581294,0.075433,0.036857
520,Cuckoo,700,700,10000,True,19312.0,33788.0,0.454319,0.0,0.039105
521,Cuckoo,700,700,10000,True,33788.0,33686.0,0.610749,0.073591,0.038774
522,Cuckoo,700,700,10000,True,19312.0,33788.0,0.45566,0.0,0.037445
523,Cuckoo,700,700,10000,True,33788.0,33686.0,0.547361,0.064006,0.038838
524,Cuckoo,700,700,10000,True,19312.0,33788.0,0.376248,0.0,0.037222
525,Cuckoo,700,700,10000,True,33788.0,33686.0,0.469151,0.075793,0.037135
526,Cuckoo,700,700,10000,True,19312.0,33788.0,0.376036,0.0,0.037224
527,Cuckoo,700,700,10000,True,33788.0,33686.0,0.468366,0.08567,0.038075
528,Cuckoo,700,700,10000,True,19312.0,33788.0,0.375921,0.0,0.037131
529,Cuckoo,700,700,10000,True,33788.0,33686.0,0.465284,0.095222,0.037791
530,Cuckoo,700,700,10000,True,19312.0,33788.0,0.375998,0.0,0.037136
531,Cuckoo,700,700,10000,True,33788.0,33686.0,0.468841,0.093031,0.037275
532,Cuckoo,700,700,10000,True,19312.0,33788.0,0.375408,0.0,0.037476
533,Cuckoo,700,700,10000,True,33788.0,33686.0,0.465666,0.069915,0.037412
534,Cuckoo,700,700,10000,True,19312.0,33788.0,0.493134,0.0,0.040391
535,Cuckoo,700,700,10000,True,33788.0,33686.0,0.589182,0.084157,0.03713
536,Cuckoo,700,700,10000,True,19312.0,33788.0,0.454482,0.0,0.03756
537,Cuckoo,700,700,10000,True,33788.0,33686.0,0.545516,0.073777,0.037408
538,Cuckoo,700,700,10000,True,19312.0,33788.0,0.455838,0.0,0.037374
539,Cuckoo,700,700,10000,True,33788.0,33686.0,0.544356,0.096668,0.038482
540,IBLT,30,30,10000,True,467.0,2630.0,0.251842,0.0,0.001774
541,IBLT,30,30,10000,True,2630.0,467.0,0.400237,0.090097,7e-06
542,IBLT,30,30,10000,True,467.0,2630.0,0.252863,0.0,0.001751
543,IBLT,30,30,10000,True,2630.0,467.0,0.338133,0.058518,7e-06
544,IBLT,30,30,10000,True,467.0,2630.0,0.251925,0.0,0.001937
545,IBLT,30,30,10000,True,2630.0,467.0,0.338254,0.092298,8e-06
546,IBLT,30,30,10000,True,467.0,2630.0,0.251946,0.0,0.001757
547,IBLT,30,30,10000,True,2630.0,467.0,0.337926,0.087046,6e-06
548,IBLT,30,30,10000,True,467.0,2630.0,0.251794,0.0,0.00177
549,IBLT,30,30,10000,True,2630.0,467.0,0.337952,0.082637,6e-06
550,IBLT,30,30,10000,True,467.0,2630.0,0.251862,0.0,0.001761
551,IBLT,30,30,10000,True,2630.0,467.0,0.338387,0.095531,6e-06
552,IBLT,30,30,10000,True,467.0,2630.0,0.251449,0.0,0.001775
553,IBLT,30,30,10000,True,2630.0,467.0,0.338159,0.059093,8e-06
554,IBLT,30,30,10000,True,467.0,2630.0,0.251739,0.0,0.001764
555,IBLT,30,30,10000,True,2630.0,467.0,0.338194,0.073385,8e-06
556,IBLT,30,30,10000,True,467.0,2630.0,0.251738,0.0,0.001765
557,IBLT,30,30,10000,True,2630.0,467.0,0.337794,0.067,1e-05
558,IBLT,30,30,10000,True,467.0,2630.0,0.251742,0.0,0.001769
559,IBLT,30,30,10000,True,2630.0,467.0,0.338204,0.096508,8e-06
560,CPI,0,0,10000,True,13.0,62.0,0.479993,0.0,7.2e-05
561,CPI,0,0,10000,True,62.0,13.0,0.35991,0.274506,3.1e-05
562,CPI,0,0,10000,True,13.0,62.0,0.479951,0.0,5.8e-05
563,CPI,0,0,10000,True,62.0,13.0,0.361588,0.286769,2.6e-05
564,CPI,0,0,10000,True,13.0,62.0,0.480272,0.0,7.6e-05
565,CPI,0,0,10000,True,62.0,13.0,0.361135,0.296175,2.8e-05
566,CPI,0,0,10000,True,13.0,62.0,0.479774,0.0,7.8e-05
567,CPI,0,0,10000,True,62.0,13.0,0.360769,0.261603,2.9e-05
568,CPI,0,0,10000,True,13.0,62.0,0.480049,0.0,6e-05
569,CPI,0,0,10000,True,62.0,13.0,0.362108,0.282452,4.4e-05
570,CPI,0,0,10000,True,13.0,62.0,0.480005,0.0,7.3e-05
571,CPI,0,0,10000,True,62.0,13.0,0.359902,0.28269,2.8e-05
572,CPI,0,0,10000,True,13.0,62.0,0.479978,0.0,5.9e-05
573,CPI,0,0,10000,True,62.0,13.0,0.360006,0.276655,2.6e-05
574,CPI,0,0,10000,True,13.0,62.0,0.479837,0.0,5.8e-05
575,CPI,0,0,10000,True,62.0,13.0,0.361906,0.265158,2.5e-05
576,CPI,0,0,10000,True,13.0,62.0,0.480019,0.0,7.5e-05
577,CPI,0,0,10000,True,62.0,13.0,0.360861,0.267712,2.8e-05
578,CPI,0,0,10000,True,13.0,62.0,0.479912,0.0,6.4e-05
579,CPI,0,0,10000,True,62.0,13.0,0.360015,0.267681,3.3e-05
580,Cuckoo,90,90,10000,True,15012.0,29431.0,0.417215,0.0,0.03453
581,Cuckoo,90,90,10000,True,29431.0,29386.0,0.57485,0.078837,0.037462
582,Cuckoo,90,90,10000,True,15012.0,29431.0,0.376532,0.0,0.034946
583,Cuckoo,90,90,10000,True,29431.0,29386.0,0.464088,0.061226,0.035204
584,Cuckoo,90,90,10000,True,15012.0,29431.0,0.416895,0.0,0.034845
585,Cuckoo,90,90,10000,True,29431.0,29386.0,0.498679,0.089598,0.040324
586,Cuckoo,90,90,10000,True,15012.0,29431.0,0.49183,0.0,0.039873
587,Cuckoo,90,90,10000,True,29431.0,29386.0,0.583369,0.075662,0.035932
588,Cuckoo,90,90,10000,True,15012.0,29431.0,0.376663,0.0,0.0349
589,Cuckoo,90,90,10000,True,29431.0,29386.0,0.4618,0.064109,0.037404
590,Cuckoo,90,90,10000,True,15012.0,29431.0,0.376902,0.0,0.034681
591,Cuckoo,90,90,10000,True,29431.0,29386.0,0.464386,0.077911,0.034525
592,Cuckoo,90,90,10000,True,15012.0,29431.0,0.375386,0.0,0.036205
593,Cuckoo,90,90,10000,True,29431.0,29386.0,0.462459,0.095102,0.034591
594,Cuckoo,90,90,10000,True,15012.0,29431.0,0.376872,0.0,0.034988
595,Cuckoo,90,90,10000,True,29431.0,29386.0,0.462851,0.090755,0.034425
596,Cuckoo,90,90,10000,True,15012.0,29431.0,0.376916,0.0,0.03474
597,Cuckoo,90,90,10000,True,29431.0,29386.0,0.464049,0.0951,0.035369
598,Cuckoo,90,90,10000,True,15012.0,29431.0,0.376849,0.0,0.03474
599,Cuckoo,90,90,10000,True,29431.0,29386.0,0.461836,0.057788,0.037546
600,IBLT,500,500,10000,True,7504.0,40886.0,0.427084,0.0,0.02934
601,IBLT,500,500,10000,True,40886.0,7504.0,0.599962,0.084664,7.5e-05
602,IBLT,500,500,10000,True,7504.0,40886.0,0.426911,0.0,0.029094
603,IBLT,500,500,10000,True,40886.0,7504.0,0.600274,0.07106,7.2e-05
604,IBLT,500,500,10000,True,7504.0,40886.0,0.426997,0.0,0.028979
605,IBLT,500,500,10000,True,40886.0,7504.0,0.546556,0.096762,7.4e-05
606,IBLT,500,500,10000,True,7504.0,40886.0,0.426697,0.0,0.02937
607,IBLT,500,500,10000,True,40886.0,7504.0,0.546516,0.06158,7e-05
608,IBLT,500,500,10000,True,7504.0,40886.0,0.429844,0.0,0.029285
609,IBLT,500,500,10000,True,40886.0,7504.0,0.550547,0.085556,7.3e-05
610,IBLT,500,500,10000,True,7504.0,40886.0,0.427077,0.0,0.029166
611,IBLT,500,500,10000,True,40886.0,7504.0,0.55057,0.078012,7.7e-05
612,IBLT,500,500,10000,True,7504.0,40886.0,0.355644,0.0,0.031261
613,IBLT,500,500,10000,True,40886.0,7504.0,0.47908,0.065729,7.7e-05
614,IBLT,500,500,10000,True,7504.0,40886.0,0.427022,0.0,0.029066
615,IBLT,500,500,10000,True,40886.0,7504.0,0.546401,0.086939,7.3e-05
616,IBLT,500,500,10000,True,7504.0,40886.0,0.427155,0.0,0.029535
617,IBLT,500,500,10000,True,40886.0,7504.0,0.550711,0.086321,7e-05
618,IBLT,500,500,10000,True,7504.0,40886.0,0.426713,0.0,0.029307
619,IBLT,500,500,10000,True,40886.0,7504.0,0.550771,0.076863,7.2e-05
620,CPI,60,60,10000,True,489.0,542.0,0.48928,0.0,0.034096
621,CPI,60,60,10000,True,542.0,489.0,0.378757,0.304514,0.000257
622,CPI,60,60,10000,True,489.0,542.0,0.489603,0.0,0.036983
623,CPI,60,60,10000,True,542.0,489.0,0.379437,0.329731,0.000296
624,CPI,60,60,10000,True,489.0,542.0,0.489805,0.0,0.03433
625,CPI,60,60,10000,True,542.0,489.0,0.379794,0.302186,0.000255
626,CPI,60,60,10000,True,489.0,542.0,0.489141,0.0,0.034931
627,CPI,60,60,10000,True,542.0,489.0,0.379438,0.317921,0.00025
628,CPI,60,60,10000,True,489.0,542.0,0.489229,0.0,0.034919
629,CPI,60,60,10000,True,542.0,489.0,0.379136,0.325654,0.000246
630,CPI,60,60,10000,True,489.0,542.0,0.48934,0.0,0.034509
631,CPI,60,60,10000,True,542.0,489.0,0.379386,0.297301,0.000248
632,CPI,60,60,10000,True,489.0,542.0,0.489353,0.0,0.034765
633,CPI,60,60,10000,True,542.0,489.0,0.378139,0.321072,0.000241
634,CPI,60,60,10000,True,489.0,542.0,0.493288,0.0,0.036289
635,CPI,60,60,10000,True,542.0,489.0,0.378622,0.326559,0.000258
636,CPI,60,60,10000,True,489.0,542.0,0.489277,0.0,0.034403
637,CPI,60,60,10000,True,542.0,489.0,0.37957,0.303706,0.000247
638,CPI,60,60,10000,True,489.0,542.0,0.489572,0.0,0.034929
639,CPI,60,60,10000,True,542.0,489.0,0.379561,0.30546,0.000239
640,IBLT,90,90,10000,True,1366.0,7405.0,0.241626,0.0,0.005286
641,IBLT,90,90,10000,True,7405.0,1366.0,0.452698,0.076149,2.8e-05
642,IBLT,90,90,10000,True,1366.0,7405.0,0.241486,0.0,0.005282
643,IBLT,90,90,10000,True,7405.0,1366.0,0.338792,0.077524,2.2e-05
644,IBLT,90,90,10000,True,1366.0,7405.0,0.241656,0.0,0.005643
645,IBLT,90,90,10000,True,7405.0,1366.0,0.339178,0.077078,1.7e-05
646,IBLT,90,90,10000,True,1366.0,7405.0,0.241415,0.0,0.005316
647,IBLT,90,90,10000,True,7405.0,1366.0,0.338575,0.082031,1.8e-05
648,IBLT,90,90,10000,True,1366.0,7405.0,0.241433,0.0,0.005295
649,IBLT,90,90,10000,True,7405.0,1366.0,0.339922,0.066094,1.6e-05
650,IBLT,90,90,10000,True,1366.0,7405.0,0.241641,0.0,0.005292
651,IBLT,90,90,10000,True,7405.0,1366.0,0.338176,0.064701,1.8e-05
652,IBLT,90,90,10000,True,1366.0,7405.0,0.241227,0.0,0.005289
653,IBLT,90,90,10000,True,7405.0,1366.0,0.339432,0.065063,2.1e-05
654,IBLT,90,90,10000,True,1366.0,7405.0,0.241212,0.0,0.005633
655,IBLT,90,90,10000,True,7405.0,1366.0,0.338298,0.078963,1.7e-05
656,IBLT,90,90,10000,True,1366.0,7405.0,0.241349,0.0,0.005333
657,IBLT,90,90,10000,True,7405.0,1366.0,0.339832,0.064437,1.6e-05
658,IBLT,90,90,10000,True,1366.0,7405.0,0.241475,0.0,0.005277
659,IBLT,90,90,10000,True,7405.0,1366.0,0.339564,0.065845,1.5e-05
660,CPI,10,10,10000,True,89.0,142.0,0.481068,0.0,0.00293
661,CPI,10,10,10000,True,142.0,89.0,0.36072,0.295856,7.7e-05
662,CPI,10,10,10000,True,89.0,142.0,0.481145,0.0,0.002818
663,CPI,10,10,10000,True,142.0,89.0,0.36219,0.267091,7.2e-05
664,CPI,10,10,10000,True,89.0,142.0,0.481101,0.0,0.002503
665,CPI,10,10,10000,True,142.0,89.0,0.362769,0.273533,7.9e-05
666,CPI,10,10,10000,True,89.0,142.0,0.480998,0.0,0.002657
667,CPI,10,10,10000,True,142.0,89.0,0.360884,0.287168,8.2e-05
668,CPI,10,10,10000,True,89.0,142.0,0.48122,0.0,0.002837
669,CPI,10,10,10000,True,142.0,89.0,0.363216,0.291655,7.2e-05
670,CPI,10,10,10000,True,89.0,142.0,0.480994,0.0,0.0026
671,CPI,10,10,10000,True,142.0,89.0,0.362044,0.272188,8e-05
672,CPI,10,10,10000,True,89.0,142.0,0.480807,0.0,0.003219
673,CPI,10,10,10000,True,142.0,89.0,0.362783,0.281525,8e-05
674,CPI,10,10,10000,True,89.0,142.0,0.480998,0.0,0.002902
675,CPI,10,10,10000,True,142.0,89.0,0.361298,0.268533,7.7e-05
676,CPI,10,10,10000,True,89.0,142.0,0.480822,0.0,0.00293
677,CPI,10,10,10000,True,142.0,89.0,0.361871,0.259382,7.8e-05
678,CPI,10,10,10000,True,89.0,142.0,0.480974,0.0,0.002691
679,CPI,10,10,10000,True,142.0,89.0,0.361233,0.293574,7.1e-05
680,Cuckoo,300,300,10000,True,16583.0,30938.0,0.375133,0.0,0.035969
681,Cuckoo,300,300,10000,True,30938.0,30957.0,0.535471,0.06696,0.036802
682,Cuckoo,300,300,10000,True,16583.0,30938.0,0.37521,0.0,0.035965
683,Cuckoo,300,300,10000,True,30938.0,30957.0,0.465239,0.071377,0.036213
684,Cuckoo,300,300,10000,True,16583.0,30938.0,0.375047,0.0,0.035996
685,Cuckoo,300,300,10000,True,30938.0,30957.0,0.463087,0.061073,0.036041
686,Cuckoo,300,300,10000,True,16583.0,30938.0,0.374828,0.0,0.036198
687,Cuckoo,300,300,10000,True,30938.0,30957.0,0.463085,0.077601,0.035783
688,Cuckoo,300,300,10000,True,16583.0,30938.0,0.373806,0.0,0.036962
689,Cuckoo,300,300,10000,True,30938.0,30957.0,0.463748,0.087627,0.037427
690,Cuckoo,300,300,10000,True,16583.0,30938.0,0.375099,0.0,0.035928
691,Cuckoo,300,300,10000,True,30938.0,30957.0,0.462968,0.076236,0.036052
692,Cuckoo,300,300,10000,True,16583.0,30938.0,0.373936,0.0,0.036885
693,Cuckoo,300,300,10000,True,30938.0,30957.0,0.464842,0.089642,0.036523
694,Cuckoo,300,300,10000,True,16583.0,30938.0,0.374544,0.0,0.036223
695,Cuckoo,300,300,10000,True,30938.0,30957.0,0.463351,0.075867,0.035758
696,Cuckoo,300,300,10000,True,16583.0,30938.0,0.374367,0.0,0.036535
697,Cuckoo,300,300,10000,True,30938.0,30957.0,0.462709,0.077761,0.036461
698,Cuckoo,300,300,10000,True,16583.0,30938.0,0.374715,0.0,0.035997
699,Cuckoo,300,300,10000,True,30938.0,30957.0,0.462899,0.088431,0.03613
700,IBLT,50,50,10000,True,765.0,4152.0,0.252821,0.0,0.002979
701,IBLT,50,50,10000,True,4152.0,765.0,0.409286,0.087697,1.4e-05
702,IBLT,50,50,10000,True,765.0,4152.0,0.252969,0.0,0.002991
703,IBLT,50,50,10000,True,4152.0,765.0,0.339021,0.088418,1.3e-05
704,IBLT,50,50,10000,True,765.0,4152.0,0.252807,0.0,0.002977
705,IBLT,50,50,10000,True,4152.0,765.0,0.338279,0.061889,1.2e-05
706,IBLT,50,50,10000,True,765.0,4152.0,0.252513,0.0,0.003018
707,IBLT,50,50,10000,True,4152.0,765.0,0.338241,0.079384,1.4e-05
708,IBLT,50,50,10000,True,765.0,4152.0,0.252639,0.0,0.002986
709,IBLT,50,50,10000,True,4152.0,765.0,0.338239,0.06595,1.4e-05
710,IBLT,50,50,10000,True,765.0,4152.0,0.252524,0.0,0.003003
711,IBLT,50,50,10000,True,4152.0,765.0,0.339076,0.061609,1.5e-05
712,IBLT,50,50,10000,True,765.0,4152.0,0.252571,0.0,0.003868
713,IBLT,50,50,10000,True,4152.0,765.0,0.338198,0.06704,1.6e-05
714,IBLT,50,50,10000,True,765.0,4152.0,0.252698,0.0,0.002973
715,IBLT,50,50,10000,True,4152.0,765.0,0.338238,0.095066,1.2e-05
716,IBLT,50,50,10000,True,765.0,4152.0,0.252583,0.0,0.003005
717,IBLT,50,50,10000,True,4152.0,765.0,0.339578,0.065818,1.4e-05
718,IBLT,50,50,10000,True,765.0,4152.0,0.252418,0.0,0.003089
719,IBLT,50,50,10000,True,4152.0,765.0,0.339145,0.060587,1.4e-05
720,Cuckoo,60,60,10000,True,14832.0,29221.0,0.364012,0.0,0.036938
721,Cuckoo,60,60,10000,True,29221.0,29206.0,0.527978,0.089828,0.035234
722,Cuckoo,60,60,10000,True,14832.0,29221.0,0.406071,0.0,0.035354
723,Cuckoo,60,60,10000,True,29221.0,29206.0,0.502838,0.092175,0.035116
724,Cuckoo,60,60,10000,True,14832.0,29221.0,0.406218,0.0,0.0354
725,Cuckoo,60,60,10000,True,29221.0,29206.0,0.50293,0.087373,0.035203
726,Cuckoo,60,60,10000,True,14832.0,29236.0,0.415035,0.0,0.035283
727,Cuckoo,60,60,10000,True,29236.0,29206.0,0.504916,0.070071,0.035266
728,Cuckoo,60,60,10000,True,14832.0,29221.0,0.406075,0.0,0.035155
729,Cuckoo,60,60,10000,True,29221.0,29206.0,0.504796,0.083402,0.035066
730,Cuckoo,60,60,10000,True,14832.0,29221.0,0.364633,0.0,0.036582
731,Cuckoo,60,60,10000,True,29221.0,29206.0,0.462767,0.081771,0.035311
732,Cuckoo,60,60,10000,True,14832.0,29221.0,0.406084,0.0,0.035245
733,Cuckoo,60,60,10000,True,29221.0,29206.0,0.501715,0.074743,0.036368
734,Cuckoo,60,60,10000,True,14832.0,29221.0,0.405839,0.0,0.035404
735,Cuckoo,60,60,10000,True,29221.0,29206.0,0.503279,0.061174,0.035104
736,Cuckoo,60,60,10000,True,14832.0,29221.0,0.405826,0.0,0.035382
737,Cuckoo,60,60,10000,True,29221.0,29206.0,0.504529,0.093918,0.035297
738,Cuckoo,60,60,10000,True,14832.0,29221.0,0.405929,0.0,0.035204
739,Cuckoo,60,60,10000,True,29221.0,29206.0,0.503987,0.070939,0.036055
740,CPI,70,70,10000,True,569.0,622.0,0.490375,0.0,0.047075
741,CPI,70,70,10000,True,622.0,569.0,0.379734,0.332849,0.000282
742,CPI,70,70,10000,True,569.0,622.0,0.490334,0.0,0.046578
743,CPI,70,70,10000,True,622.0,569.0,0.378562,0.325592,0.000299
744,CPI,70,70,10000,True,569.0,622.0,0.490327,0.0,0.046974
745,CPI,70,70,10000,True,622.0,569.0,0.378548,0.319373,0.000283
746,CPI,70,70,10000,True,569.0,622.0,0.490215,0.0,0.04738
747,CPI,70,70,10000,True,622.0,569.0,0.37917,0.311776,0.000281
748,CPI,70,70,10000,True,569.0,622.0,0.490296,0.0,0.045403
749,CPI,70,70,10000,True,622.0,569.0,0.378377,0.302242,0.000276
750,CPI,70,70,10000,True,569.0,622.0,0.490478,0.0,0.046589
751,CPI,70,70,10000,True,622.0,569.0,0.378609,0.326417,0.000284
752,CPI,70,70,10000,True,569.0,622.0,0.490499,0.0,0.047317
753,CPI,70,70,10000,True,622.0,569.0,0.379465,0.316329,0.000291
754,CPI,70,70,10000,True,569.0,622.0,0.490312,0.0,0.047064
755,CPI,70,70,10000,True,622.0,569.0,0.378302,0.327885,0.000284
756,CPI,70,70,10000,True,568.0,622.0,0.490638,0.0,0.046224
757,CPI,70,70,10000,True,622.0,568.0,0.378543,0.298541,0.000277
758,CPI,70,70,10000,True,569.0,622.0,0.490302,0.0,0.048667
759,CPI,70,70,10000,True,622.0,569.0,0.379459,0.321487,0.000291
760,Cuckoo,0,0,10000,True,14457.0,28831.0,0.364083,0.0,0.036643
761,Cuckoo,0,0,10000,True,28831.0,28831.0,0.470638,0.075013,0.036264
762,Cuckoo,0,0,10000,True,14442.0,28816.0,0.405524,0.0,0.034426
763,Cuckoo,0,0,10000,True,28816.0,28816.0,0.487624,0.083445,0.034424
764,Cuckoo,0,0,10000,True,14442.0,28816.0,0.365295,0.0,0.034717
765,Cuckoo,0,0,10000,True,28816.0,28816.0,0.446163,0.067165,0.034655
766,Cuckoo,0,0,10000,True,14472.0,28816.0,0.405845,0.0,0.034587
767,Cuckoo,0,0,10000,True,28816.0,28846.0,0.486644,0.066269,0.035337
768,Cuckoo,0,0,10000,True,14442.0,28831.0,0.483567,0.0,0.037404
769,Cuckoo,0,0,10000,True,28831.0,28816.0,0.566128,0.059171,0.034507
770,Cuckoo,0,0,10000,True,14457.0,28816.0,0.364858,0.0,0.035166
771,Cuckoo,0,0,10000,True,28816.0,28831.0,0.446794,0.065419,0.035076
772,Cuckoo,0,0,10000,True,14442.0,28816.0,0.363899,0.0,0.035667
773,Cuckoo,0,0,10000,True,28816.0,28816.0,0.446969,0.082421,0.034812
774,Cuckoo,0,0,10000,True,14442.0,28816.0,0.405485,0.0,0.034391
775,Cuckoo,0,0,10000,True,28816.0,28816.0,0.485517,0.076289,0.035317
776,Cuckoo,0,0,10000,True,14457.0,28816.0,0.405391,0.0,0.034772
777,Cuckoo,0,0,10000,True,28816.0,28831.0,0.48742,0.090051,0.034524
778,Cuckoo,0,0,10000,True,14442.0,28816.0,0.365294,0.0,0.034608
779,Cuckoo,0,0,10000,True,28816.0,28816.0,0.447104,0.083578,0.034547
780,Cuckoo,400,400,10000,True,17271.0,31719.0,0.365595,0.0,0.036254
781,Cuckoo,400,400,10000,True,31719.0,31645.0,0.535235,0.082336,0.037231
782,Cuckoo,400,400,10000,True,17286.0,31719.0,0.365631,0.0,0.036517
783,Cuckoo,400,400,10000,True,31719.0,31660.0,0.463321,0.094694,0.041471
784,Cuckoo,400,400,10000,True,17271.0,31719.0,0.365015,0.0,0.037124
785,Cuckoo,400,400,10000,True,31719.0,31645.0,0.463222,0.088079,0.03728
786,Cuckoo,400,400,10000,True,17271.0,31704.0,0.364759,0.0,0.036265
787,Cuckoo,400,400,10000,True,31704.0,31645.0,0.467447,0.071151,0.036309
788,Cuckoo,400,400,10000,True,17271.0,31704.0,0.364058,0.0,0.036898
789,Cuckoo,400,400,10000,True,31704.0,31645.0,0.464229,0.088536,0.03625
790,Cuckoo,400,400,10000,True,17271.0,31704.0,0.364499,0.0,0.036443
791,Cuckoo,400,400,10000,True,31704.0,31645.0,0.46741,0.092194,0.036173
792,Cuckoo,400,400,10000,True,17271.0,31704.0,0.365405,0.0,0.036555
793,Cuckoo,400,400,10000,True,31704.0,31645.0,0.467024,0.096049,0.036466
794,Cuckoo,400,400,10000,True,17286.0,31719.0,0.365538,0.0,0.036332
795,Cuckoo,400,400,10000,True,31719.0,31660.0,0.465891,0.09219,0.038864
796,Cuckoo,400,400,10000,True,17271.0,31719.0,0.443693,0.0,0.03843
797,Cuckoo,400,400,10000,True,31719.0,31645.0,0.542009,0.076103,0.038439
798,Cuckoo,400,400,10000,True,17271.0,31719.0,0.365584,0.0,0.036267
799,Cuckoo,400,400,10000,True,31719.0,31645.0,0.46273,0.073158,0.037703
800,IBLT,100,100,10000,True,1512.0,8287.0,0.25103,0.0,0.005978
801,IBLT,100,100,10000,True,8287.0,1512.0,0.400744,0.069996,1.8e-05
802,IBLT,100,100,10000,True,1512.0,8287.0,0.25068,0.0,0.005984
803,IBLT,100,100,10000,True,8287.0,1512.0,0.400991,0.073256,2.3e-05
804,IBLT,100,100,10000,True,1512.0,8287.0,0.251102,0.0,0.00696
805,IBLT,100,100,10000,True,8287.0,1512.0,0.339621,0.062628,1.8e-05
806,IBLT,100,100,10000,True,1512.0,8287.0,0.250741,0.0,0.005973
807,IBLT,100,100,10000,True,8287.0,1512.0,0.339809,0.065684,1.8e-05
808,IBLT,100,100,10000,True,1512.0,8287.0,0.251089,0.0,0.006011
809,IBLT,100,100,10000,True,8287.0,1512.0,0.341089,0.084576,1.9e-05
810,IBLT,100,100,10000,True,1512.0,8287.0,0.250453,0.0,0.005972
811,IBLT,100,100,10000,True,8287.0,1512.0,0.340761,0.094815,1.8e-05
812,IBLT,100,100,10000,True,1512.0,8287.0,0.251046,0.0,0.005977
813,IBLT,100,100,10000,True,8287.0,1512.0,0.341148,0.094452,1.6e-05
814,IBLT,100,100,10000,True,1512.0,8287.0,0.250759,0.0,0.006024
815,IBLT,100,100,10000,True,8287.0,1512.0,0.339713,0.081751,1.8e-05
816,IBLT,100,100,10000,True,1512.0,8287.0,0.2508,0.0,0.005987
817,IBLT,100,100,10000,True,8287.0,1512.0,0.339567,0.097315,1.9e-05
818,IBLT,100,100,10000,True,1512.0,8287.0,0.250785,0.0,0.006012
819,IBLT,100,100,10000,True,8287.0,1512.0,0.341062,0.090422,2.1e-05
820,CPI,500,500,10000,True,4009.0,4062.0,0.399209,0.0,2.61472
821,CPI,500,500,10000,True,4062.0,4009.0,0.345927,2.86007,0.001726
822,CPI,500,500,10000,True,4009.0,4062.0,0.456113,0.0,2.67295
823,CPI,500,500,10000,True,4062.0,4009.0,0.386971,2.90003,0.001725
824,CPI,500,500,10000,True,4009.0,4062.0,0.456148,0.0,2.61757
825,CPI,500,500,10000,True,4062.0,4009.0,0.390055,2.89,0.001847
826,CPI,500,500,10000,True,4009.0,4062.0,0.496134,0.0,2.68646
827,CPI,500,500,10000,True,4062.0,4009.0,0.428381,2.91492,0.001725
828,CPI,500,500,10000,True,4009.0,4062.0,0.456059,0.0,2.66923
829,CPI,500,500,10000,True,4062.0,4009.0,0.389701,2.89423,0.001722
830,CPI,500,500,10000,True,4009.0,4062.0,0.456149,0.0,2.742
831,CPI,500,500,10000,True,4062.0,4009.0,0.388277,2.99304,0.001724
832,CPI,500,500,10000,True,4009.0,4062.0,0.456166,0.0,2.66479
833,CPI,500,500,10000,True,4062.0,4009.0,0.386279,2.90811,0.001739
834,CPI,500,500,10000,True,4009.0,4062.0,0.456479,0.0,2.82246
835,CPI,500,500,10000,True,4062.0,4009.0,0.387339,3.06713,0.001747
836,CPI,500,500,10000,True,4009.0,4062.0,0.456191,0.0,2.65191
837,CPI,500,500,10000,True,4062.0,4009.0,0.388376,2.93348,0.001725
838,CPI,500,500,10000,True,4009.0,4062.0,0.456374,0.0,2.60538
839,CPI,500,500,10000,True,4062.0,4009.0,0.387248,2.85351,0.001726
840,CPI,50,50,10000,True,409.0,462.0,0.483283,0.0,0.0267
841,CPI,50,50,10000,True,462.0,409.0,0.377262,0.296389,0.000211
842,CPI,50,50,10000,True,409.0,462.0,0.483057,0.0,0.025922
843,CPI,50,50,10000,True,462.0,409.0,0.37718,0.288554,0.000214
844,CPI,50,50,10000,True,409.0,462.0,0.483391,0.0,0.027231
845,CPI,50,50,10000,True,462.0,409.0,0.378542,0.256928,0.000209
846,CPI,50,50,10000,True,408.0,462.0,0.426236,0.0,0.026683
847,CPI,50,50,10000,True,462.0,408.0,0.338558,0.28047,0.000224
848,CPI,50,50,10000,True,409.0,462.0,0.483254,0.0,0.027605
849,CPI,50,50,10000,True,462.0,409.0,0.377542,0.268167,0.000215
850,CPI,50,50,10000,True,409.0,462.0,0.483107,0.0,0.026147
851,CPI,50,50,10000,True,462.0,409.0,0.378639,0.268417,0.00024
852,CPI,50,50,10000,True,409.0,462.0,0.483411,0.0,0.027358
853,CPI,50,50,10000,True,462.0,409.0,0.376523,0.284409,0.000207
854,CPI,50,50,10000,True,409.0,462.0,0.483352,0.0,0.027538
855,CPI,50,50,10000,True,462.0,409.0,0.386174,0.272791,0.000219
856,CPI,50,50,10000,True,409.0,462.0,0.483214,0.0,0.026589
857,CPI,50,50,10000,True,462.0,409.0,0.37738,0.29138,0.000226
858,CPI,50,50,10000,True,408.0,462.0,0.483616,0.0,0.026167
859,CPI,50,50,10000,True,462.0,408.0,0.378164,0.278593,0.000212
860,Cuckoo,800,800,10000,True,20164.0,34488.0,0.492645,0.0,0.041325
861,Cuckoo,800,800,10000,True,34488.0,34538.0,0.651741,0.061849,0.040812
862,Cuckoo,800,800,10000,True,20149.0,34488.0,0.454157,0.0,0.039634
863,Cuckoo,800,800,10000,True,34488.0,34523.0,0.54975,0.073389,0.037844
864,Cuckoo,800,800,10000,True,20149.0,34488.0,0.456116,0.0,0.037758
865,Cuckoo,800,800,10000,True,34488.0,34523.0,0.545264,0.091012,0.039106
866,Cuckoo,800,800,10000,True,20149.0,34488.0,0.455981,0.0,0.037959
867,Cuckoo,800,800,10000,True,34488.0,34523.0,0.548794,0.062594,0.03906
868,Cuckoo,800,800,10000,True,20164.0,34488.0,0.453616,0.0,0.040154
869,Cuckoo,800,800,10000,True,34488.0,34538.0,0.549677,0.061264,0.037877
870,Cuckoo,800,800,10000,True,20164.0,34488.0,0.495248,0.0,0.038179
871,Cuckoo,800,800,10000,True,34488.0,34538.0,0.586324,0.080459,0.038072
872,Cuckoo,800,800,10000,True,20149.0,34488.0,0.455546,0.0,0.038241
873,Cuckoo,800,800,10000,True,34488.0,34523.0,0.549793,0.066462,0.037641
874,Cuckoo,800,800,10000,True,20149.0,34488.0,0.455816,0.0,0.037785
875,Cuckoo,800,800,10000,True,34488.0,34523.0,0.547685,0.092848,0.039565
876,Cuckoo,800,800,10000,True,20149.0,34488.0,0.375536,0.0,0.037887
877,Cuckoo,800,800,10000,True,34488.0,34523.0,0.46683,0.072664,0.037917
878,Cuckoo,800,800,10000,True,20149.0,34488.0,0.376257,0.0,0.037696
879,Cuckoo,800,800,10000,True,34488.0,34523.0,0.465921,0.061617,0.038662
880,Cuckoo,10,10,10000,True,14487.0,28861.0,0.366349,0.0,0.034712
881,Cuckoo,10,10,10000,True,28861.0,28861.0,0.566955,0.090589,0.034082
882,Cuckoo,10,10,10000,True,14487.0,28861.0,0.366989,0.0,0.034177
883,Cuckoo,10,10,10000,True,28861.0,28861.0,0.445477,0.087079,0.034218
884,Cuckoo,10,10,10000,True,14487.0,28861.0,0.40677,0.0,0.033992
885,Cuckoo,10,10,10000,True,28861.0,28861.0,0.48576,0.059872,0.034118
886,Cuckoo,10,10,10000,True,14487.0,28861.0,0.39567,0.0,0.034394
887,Cuckoo,10,10,10000,True,28861.0,28861.0,0.484173,0.073839,0.035943
888,Cuckoo,10,10,10000,True,14487.0,28861.0,0.407045,0.0,0.033922
889,Cuckoo,10,10,10000,True,28861.0,28861.0,0.485733,0.074016,0.034001
890,Cuckoo,10,10,10000,True,14487.0,28861.0,0.366878,0.0,0.034105
891,Cuckoo,10,10,10000,True,28861.0,28861.0,0.566835,0.075482,0.034041
892,Cuckoo,10,10,10000,True,14487.0,28861.0,0.366,0.0,0.034807
893,Cuckoo,10,10,10000,True,28861.0,28861.0,0.472897,0.058836,0.034149
894,Cuckoo,10,10,10000,True,14487.0,28861.0,0.365416,0.0,0.035366
895,Cuckoo,10,10,10000,True,28861.0,28861.0,0.445507,0.091317,0.034197
896,Cuckoo,10,10,10000,True,14487.0,28861.0,0.365933,0.0,0.034914
897,Cuckoo,10,10,10000,True,28861.0,28861.0,0.444853,0.090328,0.035315
898,Cuckoo,10,10,10000,True,14487.0,28861.0,0.365987,0.0,0.035245
899,Cuckoo,10,10,10000,True,28861.0,28861.0,0.445392,0.094559,0.034188
900,Cuckoo,500,500,10000,True,17962.0,32468.0,0.45097,0.0,0.04043
901,Cuckoo,500,500,10000,True,32468.0,32336.0,0.61267,0.094107,0.03657
902,Cuckoo,500,500,10000,True,17962.0,32483.0,0.374957,0.0,0.036567
903,Cuckoo,500,500,10000,True,32483.0,32336.0,0.464944,0.071261,0.036377
904,Cuckoo,500,500,10000,True,17962.0,32468.0,0.491468,0.0,0.040313
905,Cuckoo,500,500,10000,True,32468.0,32336.0,0.586444,0.085109,0.036753
906,Cuckoo,500,500,10000,True,17962.0,32468.0,0.375151,0.0,0.036466
907,Cuckoo,500,500,10000,True,32468.0,32336.0,0.465389,0.071468,0.037731
908,Cuckoo,500,500,10000,True,17947.0,32468.0,0.374678,0.0,0.03657
909,Cuckoo,500,500,10000,True,32468.0,32321.0,0.462906,0.078631,0.038228
910,Cuckoo,500,500,10000,True,17947.0,32468.0,0.374737,0.0,0.036831
911,Cuckoo,500,500,10000,True,32468.0,32321.0,0.46675,0.095219,0.0363
912,Cuckoo,500,500,10000,True,17947.0,32468.0,0.374847,0.0,0.036636
913,Cuckoo,500,500,10000,True,32468.0,32321.0,0.464186,0.085198,0.036969
914,Cuckoo,500,500,10000,True,17962.0,32453.0,0.495081,0.0,0.036569
915,Cuckoo,500,500,10000,True,32453.0,32336.0,0.585368,0.064714,0.037882
916,Cuckoo,500,500,10000,True,17947.0,32468.0,0.375207,0.0,0.036597
917,Cuckoo,500,500,10000,True,32468.0,32321.0,0.466407,0.071947,0.036846
918,Cuckoo,500,500,10000,True,17977.0,32483.0,0.374996,0.0,0.036556
919,Cuckoo,500,500,10000,True,32483.0,32351.0,0.466692,0.097426,0.036601
920,IBLT,10,10,10000,True,167.0,886.0,0.290295,0.0,0.000598
921,IBLT,10,10,10000,True,886.0,167.0,0.387108,0.074138,4e-06
922,IBLT,10,10,10000,True,167.0,886.0,0.290262,0.0,0.0006
923,IBLT,10,10,10000,True,886.0,167.0,0.360263,0.068094,5e-06
924,IBLT,10,10,10000,True,167.0,886.0,0.291388,0.0,0.000599
925,IBLT,10,10,10000,True,886.0,167.0,0.359615,0.085,7e-06
926,IBLT,10,10,10000,True,167.0,886.0,0.290613,0.0,0.000598
927,IBLT,10,10,10000,True,886.0,167.0,0.360186,0.086937,6e-06
928,IBLT,10,10,10000,True,167.0,886.0,0.290306,0.0,0.00061
929,IBLT,10,10,10000,True,886.0,167.0,0.359981,0.091216,5e-06
930,IBLT,10,10,10000,True,167.0,886.0,0.290269,0.0,0.000608
931,IBLT,10,10,10000,True,886.0,167.0,0.401854,0.069699,7e-06
932,IBLT,10,10,10000,True,167.0,886.0,0.290173,0.0,0.000604
933,IBLT,10,10,10000,True,886.0,167.0,0.360046,0.060679,5e-06
934,IBLT,10,10,10000,True,167.0,886.0,0.290243,0.0,0.000608
935,IBLT,10,10,10000,True,886.0,167.0,0.360054,0.089446,5e-06
936,IBLT,10,10,10000,True,167.0,886.0,0.290551,0.0,0.000602
937,IBLT,10,10,10000,True,886.0,167.0,0.360094,0.09637,8e-06
938,IBLT,10,10,10000,True,167.0,886.0,0.290326,0.0,0.000607
939,IBLT,10,10,10000,True,886.0,167.0,0.359873,0.066881,6e-06
940,IBLT,600,600,10000,True,8995.0,49145.0,0.499226,0.0,0.036563
941,IBLT,600,600,10000,True,49145.0,8995.0,0.680072,0.077782,8.4e-05
942,IBLT,600,600,10000,True,8995.0,49145.0,0.499447,0.0,0.036366
943,IBLT,600,600,10000,True,49145.0,8995.0,0.628579,0.085975,8.8e-05
944,IBLT,600,600,10000,True,8995.0,49145.0,0.499909,0.0,0.03915
945,IBLT,600,600,10000,True,49145.0,8995.0,0.633813,0.075231,9e-05
946,IBLT,600,600,10000,True,8995.0,49145.0,0.499158,0.0,0.036562
947,IBLT,600,600,10000,True,49145.0,8995.0,0.633346,0.063547,8.8e-05
948,IBLT,600,600,10000,True,8995.0,49145.0,0.499478,0.0,0.036248
949,IBLT,600,600,10000,True,49145.0,8995.0,0.633961,0.077157,8.4e-05
950,IBLT,600,600,10000,True,8995.0,49145.0,0.499333,0.0,0.036346
951,IBLT,600,600,10000,True,49145.0,8995.0,0.633707,0.084477,8.9e-05
952,IBLT,600,600,10000,True,8995.0,49145.0,0.499486,0.0,0.036401
953,IBLT,600,600,10000,True,49145.0,8995.0,0.633842,0.080802,8.7e-05
954,IBLT,600,600,10000,True,8995.0,49145.0,0.499145,0.0,0.036509
955,IBLT,600,600,10000,True,49145.0,8995.0,0.628827,0.081811,8.8e-05
956,IBLT,600,600,10000,True,8995.0,49145.0,0.499354,0.0,0.036373
957,IBLT,600,600,10000,True,49145.0,8995.0,0.633708,0.059234,9.1e-05
958,IBLT,600,600,10000,True,8995.0,49145.0,0.499439,0.0,0.036346
959,IBLT,600,600,10000,True,49145.0,8995.0,0.633594,0.075379,8.6e-05
960,CPI,30,30,10000,True,249.0,302.0,0.480533,0.0,0.01413
961,CPI,30,30,10000,True,302.0,249.0,0.361052,0.289898,0.000147
962,CPI,30,30,10000,True,249.0,302.0,0.48039,0.0,0.013479
963,CPI,30,30,10000,True,302.0,249.0,0.36089,0.265518,0.000142
964,CPI,30,30,10000,True,249.0,302.0,0.480295,0.0,0.013989
965,CPI,30,30,10000,True,302.0,249.0,0.360309,0.29539,0.000146
966,CPI,30,30,10000,True,249.0,302.0,0.480056,0.0,0.014052
967,CPI,30,30,10000,True,302.0,249.0,0.361268,0.293975,0.000148
968,CPI,30,30,10000,True,249.0,302.0,0.479893,0.0,0.014804
969,CPI,30,30,10000,True,302.0,249.0,0.359947,0.263047,0.000146
970,CPI,30,30,10000,True,249.0,302.0,0.480375,0.0,0.013797
971,CPI,30,30,10000,True,302.0,249.0,0.35969,0.294831,0.000149
972,CPI,30,30,10000,True,249.0,302.0,0.480282,0.0,0.014512
973,CPI,30,30,10000,True,302.0,249.0,0.360908,0.281656,0.000145
974,CPI,30,30,10000,True,249.0,302.0,0.480259,0.0,0.013525
975,CPI,30,30,10000,True,302.0,249.0,0.360205,0.280687,0.000141
976,CPI,30,30,10000,True,249.0,302.0,0.480006,0.0,0.014519
977,CPI,30,30,10000,True,302.0,249.0,0.36088,0.257501,0.000142
978,CPI,30,30,10000,True,249.0,302.0,0.480335,0.0,0.015015
979,CPI,30,30,10000,True,302.0,249.0,0.36144,0.281633,0.000143
980,CPI,200,200,10000,True,1609.0,1662.0,0.442281,0.0,0.30188
981,CPI,200,200,10000,True,1662.0,1609.0,0.380753,0.549948,0.000739
982,CPI,200,200,10000,True,1609.0,1662.0,0.442032,0.0,0.305524
983,CPI,200,200,10000,True,1662.0,1609.0,0.380054,0.548421,0.000756
984,CPI,200,200,10000,True,1609.0,1662.0,0.44278,0.0,0.30514
985,CPI,200,200,10000,True,1662.0,1609.0,0.381053,0.552641,0.000712
986,CPI,200,200,10000,True,1609.0,1662.0,0.442563,0.0,0.298861
987,CPI,200,200,10000,True,1662.0,1609.0,0.380553,0.505905,0.000729
988,CPI,200,200,10000,True,1609.0,1662.0,0.442496,0.0,0.323651
989,CPI,200,200,10000,True,1662.0,1609.0,0.380505,0.539779,0.000723
990,CPI,200,200,10000,True,1609.0,1662.0,0.442469,0.0,0.299699
991,CPI,200,200,10000,True,1662.0,1609.0,0.380023,0.534307,0.000738
992,CPI,200,200,10000,True,1609.0,1662.0,0.442545,0.0,0.303612
993,CPI,200,200,10000,True,1662.0,1609.0,0.381044,0.540852,0.000718
994,CPI,200,200,10000,True,1609.0,1662.0,0.44234,0.0,0.304574
995,CPI,200,200,10000,True,1662.0,1609.0,0.380349,0.564141,0.000716
996,CPI,200,200,10000,True,1609.0,1662.0,0.442087,0.0,0.30182
997,CPI,200,200,10000,True,1662.0,1609.0,0.382182,0.552879,0.000738
998,CPI,200,200,10000,True,1609.0,1662.0,0.442673,0.0,0.304893
999,CPI,200,200,10000,True,1662.0,1609.0,0.38,0.538013,0.000715
1000,CPI,100,100,10000,True,809.0,862.0,0.490647,0.0,0.083056
1001,CPI,100,100,10000,True,862.0,809.0,0.378607,0.369424,0.00037
1002,CPI,100,100,10000,True,809.0,862.0,0.49047,0.0,0.081311
1003,CPI,100,100,10000,True,862.0,809.0,0.378472,0.372751,0.00038
1004,CPI,100,100,10000,True,809.0,862.0,0.490608,0.0,0.08051
1005,CPI,100,100,10000,True,862.0,809.0,0.379784,0.364439,0.000381
1006,CPI,100,100,10000,True,809.0,862.0,0.490648,0.0,0.079586
1007,CPI,100,100,10000,True,862.0,809.0,0.379582,0.366353,0.000379
1008,CPI,100,100,10000,True,809.0,862.0,0.490639,0.0,0.083225
1009,CPI,100,100,10000,True,862.0,809.0,0.379389,0.351583,0.000367
1010,CPI,100,100,10000,True,809.0,862.0,0.490451,0.0,0.080997
1011,CPI,100,100,10000,True,862.0,809.0,0.378759,0.372247,0.000381
1012,CPI,100,100,10000,True,809.0,862.0,0.490618,0.0,0.079916
1013,CPI,100,100,10000,True,862.0,809.0,0.379465,0.369837,0.000374
1014,CPI,100,100,10000,True,809.0,862.0,0.490488,0.0,0.084279
1015,CPI,100,100,10000,True,862.0,809.0,0.378487,0.337547,0.000376
1016,CPI,100,100,10000,True,808.0,862.0,0.490601,0.0,0.090142
1017,CPI,100,100,10000,True,862.0,808.0,0.378317,0.376355,0.000388
1018,CPI,100,100,10000,True,809.0,862.0,0.490711,0.0,0.080525
1019,CPI,100,100,10000,True,862.0,809.0,0.379686,0.364039,0.00037
1020,CPI,800,800,10000,True,6409.0,6462.0,0.460291,0.0,9.29603
1021,CPI,800,800,10000,True,6462.0,6409.0,0.395067,9.55181,0.002744
1022,CPI,800,800,10000,True,6409.0,6462.0,0.460022,0.0,9.43244
1023,CPI,800,800,10000,True,6462.0,6409.0,0.39265,9.66555,0.002765
1024,CPI,800,800,10000,True,6409.0,6462.0,0.46029,0.0,9.25632
1025,CPI,800,800,10000,True,6462.0,6409.0,0.391783,9.49463,0.002755
1026,CPI,800,800,10000,True,6408.0,6462.0,0.460714,0.0,10.0297
1027,CPI,800,800,10000,True,6462.0,6408.0,0.39583,10.2687,0.002738
1028,CPI,800,800,10000,True,6409.0,6462.0,0.462135,0.0,9.52191
1029,CPI,800,800,10000,True,6462.0,6409.0,0.391664,9.7406,0.002764
1030,CPI,800,800,10000,True,6409.0,6462.0,0.46013,0.0,9.5706
1031,CPI,800,800,10000,True,6462.0,6409.0,0.392997,9.81994,0.00274
1032,CPI,800,800,10000,True,6409.0,6462.0,0.46013,0.0,9.27909
1033,CPI,800,800,10000,True,6462.0,6409.0,0.395969,9.51787,0.002772
1034,CPI,800,800,10000,True,6409.0,6462.0,0.460594,0.0,9.58938
1035,CPI,800,800,10000,True,6462.0,6409.0,0.396303,9.84041,0.00273
1036,CPI,800,800,10000,True,6409.0,6462.0,0.460134,0.0,9.24685
1037,CPI,800,800,10000,True,6462.0,6409.0,0.396031,9.4671,0.002744
1038,CPI,800,800,10000,True,6409.0,6462.0,0.46031,0.0,9.42901
1039,CPI,800,800,10000,True,6462.0,6409.0,0.396084,9.67313,0.002737
1040,IBLT,800,800,10000,True,11995.0,65514.0,0.588932,0.0,0.049
1041,IBLT,800,800,10000,True,65514.0,11995.0,0.799959,0.081678,0.000117
1042,IBLT,800,800,10000,True,11995.0,65514.0,0.588881,0.0,0.048887
1043,IBLT,800,800,10000,True,65514.0,11995.0,0.753043,0.060578,0.000123
1044,IBLT,800,800,10000,True,11995.0,65514.0,0.588787,0.0,0.04859
1045,IBLT,800,800,10000,True,65514.0,11995.0,0.752948,0.087685,0.000118
1046,IBLT,800,800,10000,True,11995.0,65514.0,0.588797,0.0,0.048234
1047,IBLT,800,800,10000,True,65514.0,11995.0,0.760578,0.069904,0.000115
1048,IBLT,800,800,10000,True,11995.0,65514.0,0.628798,0.0,0.048449
1049,IBLT,800,800,10000,True,65514.0,11995.0,0.793938,0.066773,0.000113
1050,IBLT,800,800,10000,True,11995.0,65514.0,0.589278,0.0,0.04908
1051,IBLT,800,800,10000,True,65514.0,11995.0,0.754006,0.087525,0.000117
1052,IBLT,800,800,10000,True,11995.0,65514.0,0.593601,0.0,0.048045
1053,IBLT,800,800,10000,True,65514.0,11995.0,0.759447,0.063053,0.000124
1054,IBLT,800,800,10000,True,11995.0,65514.0,0.589409,0.0,0.053713
1055,IBLT,800,800,10000,True,65514.0,11995.0,0.757961,0.080481,0.000116
1056,IBLT,800,800,10000,True,11995.0,65514.0,0.588748,0.0,0.048542
1057,IBLT,800,800,10000,True,65514.0,11995.0,0.75785,0.074087,0.000113
1058,IBLT,800,800,10000,True,11995.0,65514.0,0.588643,0.0,0.048768
1059,IBLT,800,800,10000,True,65514.0,11995.0,0.760763,0.074925,0.000117
1060,Cuckoo,600,600,10000,True,18855.0,33156.0,0.480929,0.0,0.041019
1061,Cuckoo,600,600,10000,True,33156.0,33229.0,0.644234,0.074808,0.037533
1062,Cuckoo,600,600,10000,True,18855.0,33156.0,0.364395,0.0,0.037235
1063,Cuckoo,600,600,10000,True,33156.0,33229.0,0.468869,0.075525,0.037551
1064,Cuckoo,600,600,10000,True,18855.0,33156.0,0.363975,0.0,0.037562
1065,Cuckoo,600,600,10000,True,33156.0,33229.0,0.465671,0.062788,0.037068
1066,Cuckoo,600,600,10000,True,18855.0,33156.0,0.365324,0.0,0.037143
1067,Cuckoo,600,600,10000,True,33156.0,33229.0,0.468672,0.091172,0.037919
1068,Cuckoo,600,600,10000,True,18855.0,33156.0,0.364589,0.0,0.036865
1069,Cuckoo,600,600,10000,True,33156.0,33229.0,0.46381,0.089521,0.038923
1070,Cuckoo,600,600,10000,True,18855.0,33156.0,0.364522,0.0,0.037208
1071,Cuckoo,600,600,10000,True,33156.0,33229.0,0.465159,0.077652,0.037492
1072,Cuckoo,600,600,10000,True,18855.0,33156.0,0.364911,0.0,0.036975
1073,Cuckoo,600,600,10000,True,33156.0,33229.0,0.461027,0.07651,0.041364
1074,Cuckoo,600,600,10000,True,18855.0,33156.0,0.444455,0.0,0.037119
1075,Cuckoo,600,600,10000,True,33156.0,33229.0,0.545585,0.097183,0.037197
1076,Cuckoo,600,600,10000,True,18855.0,33156.0,0.482937,0.0,0.038524
1077,Cuckoo,600,600,10000,True,33156.0,33229.0,0.58832,0.09735,0.038241
1078,Cuckoo,600,600,10000,True,18855.0,33156.0,0.364665,0.0,0.036913
1079,Cuckoo,600,600,10000,True,33156.0,33229.0,0.463877,0.062284,0.038561
1080,Cuckoo,70,70,10000,True,14906.0,29280.0,0.415184,0.0,0.035207
1081,Cuckoo,70,70,10000,True,29280.0,29280.0,0.573456,0.085966,0.036748
1082,Cuckoo,70,70,10000,True,14936.0,29280.0,0.41552,0.0,0.03482
1083,Cuckoo,70,70,10000,True,29280.0,29310.0,0.502606,0.06891,0.034803
1084,Cuckoo,70,70,10000,True,14906.0,29280.0,0.415583,0.0,0.034887
1085,Cuckoo,70,70,10000,True,29280.0,29280.0,0.503477,0.076318,0.03442
1086,Cuckoo,70,70,10000,True,14906.0,29280.0,0.415958,0.0,0.034691
1087,Cuckoo,70,70,10000,True,29280.0,29280.0,0.503916,0.085051,0.034429
1088,Cuckoo,70,70,10000,True,14906.0,29280.0,0.415565,0.0,0.034894
1089,Cuckoo,70,70,10000,True,29280.0,29280.0,0.503499,0.088126,0.0346
1090,Cuckoo,70,70,10000,True,14951.0,29280.0,0.374374,0.0,0.036124
1091,Cuckoo,70,70,10000,True,29280.0,29325.0,0.459831,0.082896,0.037125
1092,Cuckoo,70,70,10000,True,14906.0,29280.0,0.415287,0.0,0.035026
1093,Cuckoo,70,70,10000,True,29280.0,29280.0,0.503105,0.06212,0.035024
1094,Cuckoo,70,70,10000,True,14921.0,29280.0,0.373227,0.0,0.036994
1095,Cuckoo,70,70,10000,True,29280.0,29295.0,0.463266,0.095976,0.034823
1096,Cuckoo,70,70,10000,True,14906.0,29280.0,0.41542,0.0,0.035213
1097,Cuckoo,70,70,10000,True,29280.0,29280.0,0.502393,0.089556,0.035877
1098,Cuckoo,70,70,10000,True,14906.0,29280.0,0.415048,0.0,0.035132
1099,Cuckoo,70,70,10000,True,29280.0,29280.0,0.503298,0.08011,0.034763
1100,CPI,20,20,10000,True,169.0,222.0,0.480985,0.0,0.007226
1101,CPI,20,20,10000,True,222.0,169.0,0.36111,0.274865,0.000116
1102,CPI,20,20,10000,True,169.0,222.0,0.481532,0.0,0.007284
1103,CPI,20,20,10000,True,222.0,169.0,0.361208,0.26671,0.000122
1104,CPI,20,20,10000,True,169.0,222.0,0.480996,0.0,0.007494
1105,CPI,20,20,10000,True,222.0,169.0,0.361198,0.256571,0.000115
1106,CPI,20,20,10000,True,169.0,222.0,0.480779,0.0,0.007867
1107,CPI,20,20,10000,True,222.0,169.0,0.360011,0.276597,0.000119
1108,CPI,20,20,10000,True,169.0,222.0,0.481175,0.0,0.007508
1109,CPI,20,20,10000,True,222.0,169.0,0.361138,0.288873,0.000113
1110,CPI,20,20,10000,True,169.0,222.0,0.481044,0.0,0.00698
1111,CPI,20,20,10000,True,222.0,169.0,0.360128,0.26035,0.000117
1112,CPI,20,20,10000,True,169.0,222.0,0.481192,0.0,0.007199
1113,CPI,20,20,10000,True,222.0,169.0,0.360021,0.292656,0.000114
1114,CPI,20,20,10000,True,169.0,222.0,0.481273,0.0,0.00782
1115,CPI,20,20,10000,True,222.0,169.0,0.361097,0.283045,0.00012
1116,CPI,20,20,10000,True,169.0,222.0,0.481108,0.0,0.007351
1117,CPI,20,20,10000,True,222.0,169.0,0.361138,0.25701,0.000115
1118,CPI,20,20,10000,True,169.0,222.0,0.481018,0.0,0.007331
1119,CPI,20,20,10000,True,222.0,169.0,0.360027,0.267318,0.000121
1120,IBLT,1000,1000,10000,True,14984.0,81764.0,0.607659,0.0,0.060151
1121,IBLT,1000,1000,10000,True,81764.0,14984.0,0.85284,0.090002,0.000142
1122,IBLT,1000,1000,10000,True,14984.0,81764.0,0.738088,0.0,0.060255
1123,IBLT,1000,1000,10000,True,81764.0,14984.0,0.973022,0.08261,0.000148
1124,IBLT,1000,1000,10000,True,14984.0,81764.0,0.718978,0.0,0.062366
1125,IBLT,1000,1000,10000,True,81764.0,14984.0,0.93313,0.073245,0.000151
1126,IBLT,1000,1000,10000,True,14984.0,81764.0,0.737839,0.0,0.06132
1127,IBLT,1000,1000,10000,True,81764.0,14984.0,0.972074,0.070259,0.00015
1128,IBLT,1000,1000,10000,True,14984.0,81764.0,0.737629,0.0,0.060449
1129,IBLT,1000,1000,10000,True,81764.0,14984.0,0.971894,0.088429,0.00015
1130,IBLT,1000,1000,10000,True,14984.0,81764.0,0.738178,0.0,0.059941
1131,IBLT,1000,1000,10000,True,81764.0,14984.0,0.972032,0.087321,0.000145
1132,IBLT,1000,1000,10000,True,14984.0,81764.0,0.737664,0.0,0.060479
1133,IBLT,1000,1000,10000,True,81764.0,14984.0,0.973162,0.078928,0.000151
1134,IBLT,1000,1000,10000,True,14984.0,81764.0,0.737788,0.0,0.060375
1135,IBLT,1000,1000,10000,True,81764.0,14984.0,0.972039,0.088488,0.000145
1136,IBLT,1000,1000,10000,True,14984.0,81764.0,0.737767,0.0,0.060667
1137,IBLT,1000,1000,10000,True,81764.0,14984.0,0.973108,0.095847,0.000143
1138,IBLT,1000,1000,10000,True,14984.0,81764.0,0.737701,0.0,0.060253
1139,IBLT,1000,1000,10000,True,81764.0,14984.0,0.972923,0.07204,0.000144
1140,Cuckoo,900,900,10000,True,20813.0,35220.0,0.454803,0.0,0.038768
1141,Cuckoo,900,900,10000,True,35220.0,35187.0,0.613757,0.084952,0.038505
1142,Cuckoo,900,900,10000,True,20828.0,35205.0,0.454289,0.0,0.039714
1143,Cuckoo,900,900,10000,True,35205.0,35202.0,0.546749,0.06201,0.038094
1144,Cuckoo,900,900,10000,True,20843.0,35235.0,0.455411,0.0,0.038361
1145,Cuckoo,900,900,10000,True,35235.0,35217.0,0.546895,0.076707,0.038156
1146,Cuckoo,900,900,10000,True,20828.0,35205.0,0.495593,0.0,0.038013
1147,Cuckoo,900,900,10000,True,35205.0,35202.0,0.58816,0.057733,0.042025
1148,Cuckoo,900,900,10000,True,20813.0,35205.0,0.495728,0.0,0.038224
1149,Cuckoo,900,900,10000,True,35205.0,35187.0,0.590935,0.073215,0.038189
1150,Cuckoo,900,900,10000,True,20813.0,35205.0,0.45504,0.0,0.038315
1151,Cuckoo,900,900,10000,True,35205.0,35187.0,0.549583,0.065368,0.039335
1152,Cuckoo,900,900,10000,True,20813.0,35220.0,0.495334,0.0,0.03832
1153,Cuckoo,900,900,10000,True,35220.0,35187.0,0.58961,0.061799,0.039546
1154,Cuckoo,900,900,10000,True,20828.0,35205.0,0.454845,0.0,0.038563
1155,Cuckoo,900,900,10000,True,35205.0,35202.0,0.55145,0.069645,0.038789
1156,Cuckoo,900,900,10000,True,20813.0,35220.0,0.454856,0.0,0.038664
1157,Cuckoo,900,900,10000,True,35220.0,35187.0,0.546574,0.087627,0.038382
1158,Cuckoo,900,900,10000,True,20813.0,35220.0,0.495032,0.0,0.038558
1159,Cuckoo,900,900,10000,True,35220.0,35187.0,0.590009,0.078602,0.039117
1160,Cuckoo,20,20,10000,True,14547.0,28921.0,0.366445,0.0,0.034797
1161,Cuckoo,20,20,10000,True,28921.0,28921.0,0.481882,0.059415,0.038192
1162,Cuckoo,20,20,10000,True,14547.0,28921.0,0.366347,0.0,0.034736
1163,Cuckoo,20,20,10000,True,28921.0,28921.0,0.445337,0.058693,0.034632
1164,Cuckoo,20,20,10000,True,14547.0,28921.0,0.480173,0.0,0.040752
1165,Cuckoo,20,20,10000,True,28921.0,28921.0,0.564435,0.083123,0.035617
1166,Cuckoo,20,20,10000,True,14547.0,28921.0,0.366505,0.0,0.034584
1167,Cuckoo,20,20,10000,True,28921.0,28921.0,0.445118,0.096381,0.034955
1168,Cuckoo,20,20,10000,True,14547.0,28921.0,0.406668,0.0,0.034526
1169,Cuckoo,20,20,10000,True,28921.0,28921.0,0.48541,0.072617,0.034805
1170,Cuckoo,20,20,10000,True,14547.0,28921.0,0.365567,0.0,0.035238
1171,Cuckoo,20,20,10000,True,28921.0,28921.0,0.443167,0.085827,0.036861
1172,Cuckoo,20,20,10000,True,14547.0,28936.0,0.36622,0.0,0.034535
1173,Cuckoo,20,20,10000,True,28936.0,28921.0,0.442791,0.076232,0.037042
1174,Cuckoo,20,20,10000,True,14547.0,28921.0,0.366535,0.0,0.034588
1175,Cuckoo,20,20,10000,True,28921.0,28921.0,0.445031,0.09379,0.034727
1176,Cuckoo,20,20,10000,True,14547.0,28921.0,0.366263,0.0,0.034608
1177,Cuckoo,20,20,10000,True,28921.0,28921.0,0.444124,0.097234,0.036065
1178,Cuckoo,20,20,10000,True,14547.0,28921.0,0.365161,0.0,0.036101
1179,Cuckoo,20,20,10000,True,28921.0,28921.0,0.444009,0.068686,0.035793
1180,CPI,40,40,10000,True,329.0,382.0,0.480393,0.0,0.024249
1181,CPI,40,40,10000,True,382.0,329.0,0.362853,0.278259,0.000169
1182,CPI,40,40,10000,True,329.0,382.0,0.480528,0.0,0.023094
1183,CPI,40,40,10000,True,382.0,329.0,0.361973,0.272286,0.000181
1184,CPI,40,40,10000,True,329.0,382.0,0.480099,0.0,0.023486
1185,CPI,40,40,10000,True,382.0,329.0,0.362354,0.290136,0.000183
1186,CPI,40,40,10000,True,329.0,382.0,0.480377,0.0,0.023444
1187,CPI,40,40,10000,True,382.0,329.0,0.364279,0.270085,0.000182
1188,CPI,40,40,10000,True,329.0,382.0,0.480076,0.0,0.022857
1189,CPI,40,40,10000,True,382.0,329.0,0.362278,0.293778,0.000172
1190,CPI,40,40,10000,True,329.0,382.0,0.480455,0.0,0.023291
1191,CPI,40,40,10000,True,382.0,329.0,0.362271,0.294433,0.000179
1192,CPI,40,40,10000,True,329.0,382.0,0.480088,0.0,0.023764
1193,CPI,40,40,10000,True,382.0,329.0,0.36323,0.262064,0.000174
1194,CPI,40,40,10000,True,329.0,382.0,0.479987,0.0,0.023181
1195,CPI,40,40,10000,True,382.0,329.0,0.361085,0.297245,0.000176
1196,CPI,40,40,10000,True,329.0,382.0,0.480161,0.0,0.023832
1197,CPI,40,40,10000,True,382.0,329.0,0.362979,0.283753,0.000178
1198,CPI,40,40,10000,True,329.0,382.0,0.48028,0.0,0.022652
1199,CPI,40,40,10000,True,382.0,329.0,0.364012,0.295422,0.000183
1200,Cuckoo,30,30,10000,True,14637.0,29026.0,0.3646,0.0,0.035644
1201,Cuckoo,30,30,10000,True,29026.0,29011.0,0.484927,0.068425,0.035043
1202,Cuckoo,30,30,10000,True,14637.0,29041.0,0.364767,0.0,0.035231
1203,Cuckoo,30,30,10000,True,29041.0,29011.0,0.445396,0.077704,0.034805
1204,Cuckoo,30,30,10000,True,14637.0,29026.0,0.365681,0.0,0.034598
1205,Cuckoo,30,30,10000,True,29026.0,29011.0,0.445487,0.059637,0.034623
1206,Cuckoo,30,30,10000,True,14637.0,29026.0,0.479754,0.0,0.040189
1207,Cuckoo,30,30,10000,True,29026.0,29011.0,0.564885,0.086996,0.035401
1208,Cuckoo,30,30,10000,True,14652.0,29041.0,0.364803,0.0,0.035034
1209,Cuckoo,30,30,10000,True,29041.0,29026.0,0.445581,0.08948,0.034831
1210,Cuckoo,30,30,10000,True,14637.0,29026.0,0.405216,0.0,0.034826
1211,Cuckoo,30,30,10000,True,29026.0,29011.0,0.485012,0.074265,0.034858
1212,Cuckoo,30,30,10000,True,14637.0,29026.0,0.365383,0.0,0.034963
1213,Cuckoo,30,30,10000,True,29026.0,29011.0,0.445733,0.090811,0.034652
1214,Cuckoo,30,30,10000,True,14652.0,29026.0,0.364841,0.0,0.035096
1215,Cuckoo,30,30,10000,True,29026.0,29026.0,0.445455,0.079654,0.034981
1216,Cuckoo,30,30,10000,True,14637.0,29026.0,0.363593,0.0,0.036711
1217,Cuckoo,30,30,10000,True,29026.0,29011.0,0.445353,0.062322,0.034638
1218,Cuckoo,30,30,10000,True,14652.0,29026.0,0.404289,0.0,0.036006
1219,Cuckoo,30,30,10000,True,29026.0,29026.0,0.484285,0.091388,0.036005
1220,Cuckoo,0,0,10000,True,14412.0,28786.0,0.366051,0.0,0.03422
1221,Cuckoo,0,0,10000,True,28786.0,28786.0,0.445858,0.091204,0.036032
1222,Cuckoo,0,0,10000,True,14412.0,28786.0,0.405945,0.0,0.03434
1223,Cuckoo,0,0,10000,True,28786.0,28786.0,0.486338,0.088836,0.03446
1224,Cuckoo,0,0,10000,True,14412.0,28786.0,0.405743,0.0,0.034394
1225,Cuckoo,0,0,10000,True,28786.0,28786.0,0.487357,0.064866,0.034478
1226,Cuckoo,0,0,10000,True,14412.0,28786.0,0.364667,0.0,0.035466
1227,Cuckoo,0,0,10000,True,28786.0,28786.0,0.447659,0.064882,0.034362
1228,Cuckoo,0,0,10000,True,14412.0,28786.0,0.405468,0.0,0.034402
1229,Cuckoo,0,0,10000,True,28786.0,28786.0,0.486454,0.074786,0.035624
1230,Cuckoo,0,0,10000,True,14412.0,28786.0,0.363792,0.0,0.036252
1231,Cuckoo,0,0,10000,True,28786.0,28786.0,0.446593,0.085176,0.034295
1232,Cuckoo,0,0,10000,True,14412.0,28786.0,0.365044,0.0,0.034814
1233,Cuckoo,0,0,10000,True,28786.0,28786.0,0.447339,0.073372,0.034517
1234,Cuckoo,0,0,10000,True,14412.0,28801.0,0.365245,0.0,0.034681
1235,Cuckoo,0,0,10000,True,28801.0,28786.0,0.447695,0.096758,0.034299
1236,Cuckoo,0,0,10000,True,14412.0,28786.0,0.405158,0.0,0.03463
1237,Cuckoo,0,0,10000,True,28786.0,28786.0,0.487708,0.091876,0.034354
1238,Cuckoo,0,0,10000,True,14412.0,28786.0,0.4061,0.0,0.034205
1239,Cuckoo,0,0,10000,True,28786.0,28786.0,0.486776,0.070213,0.034273
1240,IBLT,300,300,10000,True,4505.0,24609.0,0.27494,0.0,0.018627
1241,IBLT,300,300,10000,True,24609.0,4505.0,0.441068,0.088518,4.8e-05
1242,IBLT,300,300,10000,True,4505.0,24609.0,0.271759,0.0,0.018565
1243,IBLT,300,300,10000,True,24609.0,4505.0,0.610886,0.064884,4.2e-05
1244,IBLT,300,300,10000,True,4505.0,24609.0,0.274935,0.0,0.018447
1245,IBLT,300,300,10000,True,24609.0,4505.0,0.373523,0.060532,5.1e-05
1246,IBLT,300,300,10000,True,4505.0,24609.0,0.274925,0.0,0.018476
1247,IBLT,300,300,10000,True,24609.0,4505.0,0.373549,0.062856,4.5e-05
1248,IBLT,300,300,10000,True,4505.0,24609.0,0.274861,0.0,0.018522
1249,IBLT,300,300,10000,True,24609.0,4505.0,0.37048,0.09135,4.7e-05
1250,IBLT,300,300,10000,True,4505.0,24609.0,0.274696,0.0,0.018447
1251,IBLT,300,300,10000,True,24609.0,4505.0,0.370612,0.088481,4.6e-05
1252,IBLT,300,300,10000,True,4505.0,24609.0,0.274682,0.0,0.018548
1253,IBLT,300,300,10000,True,24609.0,4505.0,0.373519,0.072608,4.4e-05
1254,IBLT,300,300,10000,True,4505.0,24609.0,0.275057,0.0,0.018477
1255,IBLT,300,300,10000,True,24609.0,4505.0,0.370579,0.086336,4.6e-05
1256,IBLT,300,300,10000,True,4505.0,24609.0,0.27165,0.0,0.018413
1257,IBLT,300,300,10000,True,24609.0,4505.0,0.369646,0.073741,4.5e-05
1258,IBLT,300,300,10000,True,4505.0,24609.0,0.274884,0.0,0.018609
1259,IBLT,300,300,10000,True,24609.0,4505.0,0.372572,0.074847,4.6e-05
1260,Cuckoo,200,200,10000,True,15851.0,30211.0,0.364329,0.0,0.036223
1261,Cuckoo,200,200,10000,True,30211.0,30225.0,0.522531,0.057773,0.037184
1262,Cuckoo,200,200,10000,True,15851.0,30211.0,0.365297,0.0,0.03518
1263,Cuckoo,200,200,10000,True,30211.0,30225.0,0.464176,0.087856,0.035186
1264,Cuckoo,200,200,10000,True,15851.0,30211.0,0.365041,0.0,0.03528
1265,Cuckoo,200,200,10000,True,30211.0,30225.0,0.462721,0.086636,0.036839
1266,Cuckoo,200,200,10000,True,15851.0,30211.0,0.438067,0.0,0.042469
1267,Cuckoo,200,200,10000,True,30211.0,30225.0,0.544187,0.069664,0.035262
1268,Cuckoo,200,200,10000,True,15851.0,30211.0,0.365022,0.0,0.035145
1269,Cuckoo,200,200,10000,True,30211.0,30225.0,0.464456,0.060367,0.035142
1270,Cuckoo,200,200,10000,True,15851.0,30226.0,0.365231,0.0,0.035195
1271,Cuckoo,200,200,10000,True,30226.0,30225.0,0.464263,0.074424,0.035266
1272,Cuckoo,200,200,10000,True,15851.0,30226.0,0.365103,0.0,0.035374
1273,Cuckoo,200,200,10000,True,30226.0,30225.0,0.464469,0.093248,0.035297
1274,Cuckoo,200,200,10000,True,15851.0,30211.0,0.365102,0.0,0.035158
1275,Cuckoo,200,200,10000,True,30211.0,30225.0,0.463842,0.069818,0.035571
1276,Cuckoo,200,200,10000,True,15851.0,30211.0,0.365314,0.0,0.03533
1277,Cuckoo,200,200,10000,True,30211.0,30225.0,0.464524,0.068531,0.035031
1278,Cuckoo,200,200,10000,True,15851.0,30211.0,0.364954,0.0,0.035211
1279,Cuckoo,200,200,10000,True,30211.0,30225.0,0.464023,0.090701,0.035462
1280,CPI,900,900,10000,True,7209.0,7262.0,0.464539,0.0,14.1523
1281,CPI,900,900,10000,True,7262.0,7209.0,0.400357,14.3891,0.003094
1282,CPI,900,900,10000,True,7209.0,7262.0,0.467443,0.0,14.1416
1283,CPI,900,900,10000,True,7262.0,7209.0,0.395181,14.403,0.003052
1284,CPI,900,900,10000,True,7209.0,7262.0,0.463695,0.0,12.8956
1285,CPI,900,900,10000,True,7262.0,7209.0,0.394298,13.1501,0.003241
1286,CPI,900,900,10000,True,7209.0,7262.0,0.463382,0.0,13.1421
1287,CPI,900,900,10000,True,7262.0,7209.0,0.398135,13.392,0.003136
1288,CPI,900,900,10000,True,7209.0,7262.0,0.463825,0.0,12.8423
1289,CPI,900,900,10000,True,7262.0,7209.0,0.401988,13.0523,0.003243
1290,CPI,900,900,10000,True,7209.0,7262.0,0.4636,0.0,12.8467
1291,CPI,900,900,10000,True,7262.0,7209.0,0.395267,13.0908,0.003099
1292,CPI,900,900,10000,True,7209.0,7262.0,0.463584,0.0,12.8326
1293,CPI,900,900,10000,True,7262.0,7209.0,0.399393,13.0608,0.003062
1294,CPI,900,900,10000,True,7209.0,7262.0,0.462477,0.0,12.9743
1295,CPI,900,900,10000,True,7262.0,7209.0,0.401246,13.2303,0.003076
1296,CPI,900,900,10000,True,7209.0,7262.0,0.463483,0.0,13.2374
1297,CPI,900,900,10000,True,7262.0,7209.0,0.405852,13.4917,0.003239
1298,CPI,900,900,10000,True,7209.0,7262.0,0.463393,0.0,13.1168
1299,CPI,900,900,10000,True,7262.0,7209.0,0.400274,13.3607,0.003102
1300,Cuckoo,1000,1000,10000,True,21590.0,36023.0,0.443608,0.0,0.038878
1301,Cuckoo,1000,1000,10000,True,36023.0,35964.0,0.611799,0.061735,0.038704
1302,Cuckoo,1000,1000,10000,True,21605.0,36038.0,0.484297,0.0,0.038287
1303,Cuckoo,1000,1000,10000,True,36038.0,35979.0,0.592096,0.062879,0.040571
1304,Cuckoo,1000,1000,10000,True,21590.0,36038.0,0.483344,0.0,0.039035
1305,Cuckoo,1000,1000,10000,True,36038.0,35964.0,0.583755,0.090374,0.042972
1306,Cuckoo,1000,1000,10000,True,21590.0,36038.0,0.484,0.0,0.038404
1307,Cuckoo,1000,1000,10000,True,36038.0,35964.0,0.594183,0.081474,0.038575
1308,Cuckoo,1000,1000,10000,True,21590.0,36038.0,0.445128,0.0,0.038456
1309,Cuckoo,1000,1000,10000,True,36038.0,35964.0,0.547614,0.079522,0.03896
1310,Cuckoo,1000,1000,10000,True,21605.0,36023.0,0.483652,0.0,0.038747
1311,Cuckoo,1000,1000,10000,True,36023.0,35979.0,0.593737,0.072364,0.038724
1312,Cuckoo,1000,1000,10000,True,21605.0,36023.0,0.443747,0.0,0.038477
1313,Cuckoo,1000,1000,10000,True,36023.0,35979.0,0.545662,0.060734,0.040932
1314,Cuckoo,1000,1000,10000,True,21605.0,36023.0,0.443437,0.0,0.038713
1315,Cuckoo,1000,1000,10000,True,36023.0,35979.0,0.551669,0.084826,0.038871
1316,Cuckoo,1000,1000,10000,True,21590.0,36023.0,0.443461,0.0,0.038936
1317,Cuckoo,1000,1000,10000,True,36023.0,35964.0,0.547927,0.097187,0.038619
1318,Cuckoo,1000,1000,10000,True,21590.0,36023.0,0.480236,0.0,0.042117
1319,Cuckoo,1000,1000,10000,True,36023.0,35964.0,0.587979,0.089803,0.038873
